# 路線 B→A, 103.3 m  (x,y,yaw_rad)
49.608,-27.592,-2.4800
49.583,-27.609,-2.8189
49.524,-27.620,-3.1139
49.497,-27.611,2.8797
49.472,-27.595,2.4667
49.453,-27.574,-3.0553
49.444,-27.556,-2.8697
49.210,-27.636,-2.8379
48.567,-27.847,-2.8247
47.919,-28.055,-2.8262
47.267,-28.270,-2.8268
46.607,-28.485,-2.8255
45.938,-28.704,-2.8273
45.272,-28.921,-2.8261
44.608,-29.134,-2.8265
43.945,-29.354,-2.8273
43.274,-29.572,-2.8246
42.872,-29.701,-2.8285
42.605,-29.791,-2.8260
41.933,-30.005,-2.8231
41.248,-30.234,-2.8211
40.579,-30.457,-2.8149
39.911,-30.686,-2.8389
39.236,-30.919,-2.9232
38.658,-31.042,-3.0119
38.005,-31.028,-3.1117
37.436,-31.008,-3.1018
36.795,-30.992,-3.0111
36.217,-31.139,-2.9300
35.533,-31.352,-2.8535
34.880,-31.557,-2.8363
34.654,-31.627,-2.8383
34.601,-31.649,-2.8404
33.942,-31.850,-2.8382
33.282,-32.054,-2.8433
32.599,-32.270,-2.8473
31.924,-32.472,-2.8475
31.252,-32.666,-2.8517
30.569,-32.875,-2.8511
29.894,-33.077,-2.8494
29.216,-33.282,-2.8200
28.536,-33.483,-2.7231
28.060,-33.712,-2.6217
27.514,-34.135,-2.5243
26.945,-34.581,-2.4815
26.378,-35.014,-2.4844
26.052,-35.270,-2.4922
25.627,-35.592,-2.4967
25.175,-35.926,-2.5005
24.727,-36.256,-2.5302
24.581,-36.368,-2.5652
24.368,-36.474,-2.7335
24.300,-36.494,-2.7854
23.632,-36.730,-2.8056
23.257,-36.860,-2.8051
22.583,-37.098,-2.8055
22.250,-37.211,-2.8050
21.855,-37.351,-2.8056
21.718,-37.399,-2.8027
21.318,-37.540,-2.8013
20.926,-37.678,-2.8040
20.792,-37.727,-2.8088
20.530,-37.816,-2.8080
20.268,-37.902,-2.8123
19.596,-38.139,-2.8101
19.182,-38.277,-2.8097
18.500,-38.515,-2.8123
17.972,-38.694,-2.8121
17.838,-38.740,-2.8160
17.171,-38.965,-2.8216
16.518,-39.184,-2.8217
15.855,-39.396,-2.8237
15.329,-39.571,-2.8257
14.800,-39.745,-2.8194
14.265,-39.920,-2.8207
13.861,-40.061,-2.8235
13.588,-40.149,-2.8211
12.915,-40.366,-2.8219
12.244,-40.591,-2.8175
11.603,-40.809,-2.8158
10.961,-41.032,-2.8147
10.298,-41.250,-2.8177
9.639,-41.474,-2.8277
9.231,-41.605,-2.8253
8.701,-41.766,-2.8338
8.564,-41.817,-2.8349
8.428,-41.859,-2.8294
8.150,-41.947,-2.8379
7.475,-42.161,-2.8638
6.980,-42.314,-2.8963
6.956,-42.279,-2.9849
6.991,-42.238,0.4915
7.041,-42.230,-0.0558
7.106,-42.246,-0.4835
7.136,-42.289,-0.8912
7.137,-42.314,-1.7350
7.130,-42.339,-2.2088
7.086,-42.368,-2.4966
7.067,-42.381,-2.7977
7.046,-42.383,-3.0637
7.015,-42.381,2.9063
6.982,-42.376,2.5109
6.964,-42.357,2.0330
6.944,-42.308,1.4224
6.954,-42.258,1.6799
7.003,-42.234,1.7865
6.919,-41.941,1.8199
6.739,-41.375,1.8714
6.700,-41.261,1.8765
6.659,-41.126,1.8844
6.462,-40.495,1.9265
6.283,-39.969,1.9396
5.973,-39.303,1.9665
5.793,-38.885,1.9825
5.521,-38.241,1.9702
5.244,-37.589,1.9694
5.078,-37.184,1.9616
5.019,-37.046,1.9552
4.757,-36.388,1.9542
4.552,-35.878,1.9501
4.498,-35.745,1.9496
4.447,-35.610,1.9516
4.394,-35.476,1.9415
4.287,-35.217,1.9463
4.034,-34.551,1.9461
3.777,-33.911,1.9445
3.524,-33.267,1.9499
3.419,-33.004,1.9426
3.366,-32.874,1.9437
3.216,-32.472,1.9444
3.160,-32.337,1.9455
3.109,-32.213,1.9501
2.953,-31.824,1.9471
2.797,-31.421,1.9444
2.749,-31.297,1.9425
2.493,-30.641,1.9479
2.439,-30.507,1.9419
2.384,-30.379,1.9415
2.238,-29.984,1.9276
2.093,-29.611,1.9211
1.851,-28.929,1.9176
1.756,-28.661,1.9119
1.710,-28.524,1.9171
1.659,-28.389,1.9121
1.565,-28.137,1.9148
1.326,-27.448,1.9146
1.232,-27.188,1.9132
0.993,-26.529,1.9165
0.750,-25.848,1.9208
0.506,-25.174,1.9199
0.251,-24.500,1.9190
0.202,-24.356,1.9095
0.063,-23.958,1.8971
-0.168,-23.260,1.8956
-0.398,-22.581,1.8955
-0.538,-22.161,1.8958
-0.765,-21.496,1.8963
-0.969,-20.883,1.9005
-1.198,-20.211,1.8941
-1.108,-20.492,-1.2463
-0.922,-21.029,-1.2460
-0.700,-21.682,-1.2472
-0.471,-22.372,-1.2503
-0.310,-22.873,-1.2542
-0.307,-22.824,1.8900
-0.534,-22.139,1.8866
-0.753,-21.475,1.8855
-0.964,-20.814,1.8836
-1.187,-20.121,1.8814
-1.406,-19.444,1.8803
-1.499,-19.150,1.8808
-1.523,-19.064,1.8664
-1.553,-18.977,1.8649
-1.563,-18.929,1.8601
-1.773,-18.248,1.8627
-1.968,-17.572,1.8768
-2.156,-16.973,1.8882
-2.353,-16.429,1.9099
-2.586,-15.770,1.9154
-2.841,-15.097,1.9134
-3.066,-14.437,1.9158
-3.263,-13.876,1.9053
-3.360,-13.617,1.9064
-3.447,-13.353,1.8968
-3.538,-13.082,1.8967
-3.752,-12.430,1.9084
-3.970,-11.812,1.9187
-4.129,-11.409,1.9301
-4.380,-10.761,1.9367
-4.631,-10.090,1.9326
-4.882,-9.433,1.9314
-5.130,-8.765,1.9298
-5.380,-8.109,1.9272
-5.526,-7.706,1.9272
-5.575,-7.571,1.9183
-5.625,-7.436,1.9235
-5.675,-7.295,1.9249
-5.771,-7.039,1.9296
-5.867,-6.781,1.9320
-5.911,-6.672,1.9274
-5.935,-6.607,1.9167
-6.000,-6.424,1.9190
-6.042,-6.295,1.9220
-6.196,-5.887,1.9232
-6.248,-5.752,1.9183
-6.295,-5.622,1.9116
-6.384,-5.352,1.8964
-6.430,-5.227,1.9129
-6.514,-4.965,1.9084
-6.713,-4.449,1.9061
-6.713,-4.449,1.9061
-6.933,-3.788,1.9060
-7.166,-3.115,1.8987
-7.336,-2.606,1.8754
-7.402,-2.422,1.8659
-7.431,-2.203,1.9196
-7.423,-2.271,-1.1084
-7.404,-2.419,-1.2976
-7.393,-2.440,-1.2403
-7.354,-2.479,-1.2065
-7.342,-2.508,-1.3404
-7.349,-2.564,-1.7143
-7.360,-2.581,-1.9482
-7.372,-2.603,-2.2715
-7.386,-2.620,-2.5080
-7.421,-2.650,-2.9109
-7.452,-2.648,2.6831
-7.485,-2.630,2.3150
-7.535,-2.547,2.0252
-7.544,-2.518,1.7474
-7.526,-2.497,1.1414
-7.512,-2.483,0.6042
-7.494,-2.458,0.2649
-7.439,-2.445,-0.1413
-7.394,-2.462,-0.0275
-7.365,-2.504,0.1632
-7.157,-2.467,0.2212
-6.453,-2.283,0.2547
-5.766,-2.096,0.2581
-5.081,-1.909,0.2845
-4.394,-1.738,0.3255
-3.876,-1.529,0.3649
-3.300,-1.263,0.4077
-2.781,-1.031,0.4156
-2.143,-0.765,0.4087
-1.903,-0.659,0.4087
-1.779,-0.605,0.4047
-1.393,-0.430,0.3902
-0.875,-0.222,0.3521
-0.791,-0.201,0.2663
-0.518,-0.141,0.2091
0.199,0.005,0.1903
