# 路線 A→B, 99.0 m  (x,y,yaw_rad)
-0.017,-0.015,-2.8817
-0.094,-0.036,-2.8861
-0.762,-0.205,-2.8799
-1.420,-0.374,-2.8628
-1.991,-0.544,-2.8340
-2.258,-0.656,-2.7950
-2.497,-0.756,-2.7494
-2.620,-0.807,-2.7536
-2.748,-0.857,-2.7584
-3.003,-0.960,-2.7517
-3.661,-1.226,-2.7515
-4.282,-1.490,-2.7529
-4.932,-1.755,-2.7528
-5.581,-2.016,-2.7602
-5.975,-2.174,-2.7609
-6.102,-2.220,-2.7598
-6.237,-2.278,-2.7573
-6.887,-2.540,-2.7532
-7.525,-2.801,-2.7625
-7.624,-2.843,-2.8257
-7.644,-2.838,2.7195
-7.645,-2.788,0.9344
-7.601,-2.767,0.6438
-7.570,-2.770,0.1253
-7.558,-2.773,-0.3559
-7.554,-2.777,-0.5340
-7.536,-2.791,-0.8482
-7.475,-2.826,-0.9824
-7.494,-2.846,-1.1812
-7.505,-2.849,-2.7606
-7.511,-2.851,-2.0793
-7.535,-2.850,-2.1239
-7.567,-2.977,-1.4844
-7.593,-2.991,-1.3798
-7.447,-3.590,-1.2779
-7.308,-4.021,-1.2432
-7.058,-4.666,-1.2145
-7.058,-4.666,-1.2145
-6.808,-5.300,-1.2039
-6.564,-5.962,-1.2130
-6.461,-6.225,-1.2163
-6.226,-6.892,-1.2156
-5.978,-7.543,-1.2202
-5.737,-8.191,-1.2178
-5.498,-8.859,-1.2200
-5.307,-9.384,-1.2192
-5.069,-10.026,-1.2171
-4.820,-10.690,-1.2157
-4.581,-11.344,-1.2158
-4.607,-11.683,-1.2610
-4.393,-12.356,-1.2597
-4.171,-13.031,-1.2668
-3.959,-13.699,-1.2681
-3.766,-14.366,-1.2728
-3.680,-14.638,-1.2778
-3.638,-14.766,-1.2756
-3.426,-15.464,-1.2770
-3.235,-16.111,-1.2804
-3.022,-16.811,-1.2774
-2.836,-17.452,-1.2772
-2.740,-17.736,-1.2810
-2.702,-17.875,-1.2735
-2.499,-18.565,-1.2767
-2.292,-19.227,-1.2696
-2.086,-19.893,-1.2513
-1.909,-20.428,-1.2328
-1.832,-20.581,-1.1864
-1.770,-20.711,-1.1415
-1.494,-21.357,-1.1441
-1.200,-21.976,-1.1500
-0.915,-22.598,-1.1409
-0.749,-22.992,-1.1475
-0.690,-23.111,-1.1490
-0.634,-23.231,-1.1380
-0.575,-23.357,-1.1416
-0.285,-23.996,-1.1351
-0.002,-24.615,-1.1351
0.296,-25.230,-1.1393
0.577,-25.830,-1.1427
0.849,-26.461,-1.1502
1.131,-27.098,-1.1567
1.413,-27.727,-1.1551
1.630,-28.228,-1.1561
1.685,-28.353,-1.1627
1.737,-28.473,-1.1732
2.003,-29.092,-1.2042
2.124,-29.403,-1.2188
2.338,-30.055,-1.2427
2.555,-30.700,-1.2495
2.685,-31.096,-1.2464
2.730,-31.225,-1.2387
2.775,-31.355,-1.2409
3.009,-32.018,-1.2491
3.230,-32.687,-1.2509
3.443,-33.365,-1.2585
3.483,-33.491,-1.2619
3.568,-33.751,-1.2581
3.612,-33.884,-1.2501
3.656,-34.021,-1.2546
3.875,-34.672,-1.2578
4.090,-35.346,-1.2606
4.308,-36.032,-1.2670
4.466,-36.549,-1.2709
4.509,-36.693,-1.2752
4.549,-36.830,-1.2603
4.591,-36.962,-1.2707
4.819,-37.649,-1.2674
5.014,-38.326,-1.2714
5.227,-38.995,-1.2757
5.426,-39.669,-1.2703
5.645,-40.366,-1.2723
5.687,-40.497,-1.2655
5.773,-40.769,-1.2705
5.858,-41.039,-1.2736
6.053,-41.682,-1.2698
6.254,-42.348,-1.2338
6.269,-42.366,-1.1409
6.309,-42.327,1.2032
6.324,-42.275,1.6309
6.299,-42.230,2.2598
6.258,-42.190,2.7307
6.196,-42.190,-3.1279
6.170,-42.208,-2.6145
6.156,-42.232,-2.0552
6.141,-42.258,-1.7083
6.145,-42.287,-1.3665
6.155,-42.315,-0.9808
6.176,-42.328,-0.7175
6.198,-42.344,-0.2198
6.223,-42.355,0.1609
6.279,-42.343,0.6394
6.312,-42.306,0.5404
6.317,-42.256,0.3946
6.614,-42.120,0.3588
7.117,-41.994,0.3186
7.440,-41.883,0.3037
8.147,-41.652,0.3196
8.827,-41.426,0.3174
9.503,-41.204,0.3195
10.168,-40.987,0.3163
10.826,-40.766,0.3143
11.495,-40.553,0.3145
12.169,-40.338,0.3114
12.668,-40.174,0.3100
13.275,-39.978,0.3095
13.820,-39.808,0.3005
13.952,-39.768,0.2975
14.501,-39.606,0.2923
14.637,-39.560,0.2913
15.294,-39.365,0.2960
15.975,-39.161,0.2945
16.375,-39.034,0.2912
16.641,-38.952,0.2915
17.183,-38.799,0.2862
17.802,-38.613,0.2864
17.875,-38.593,0.2903
18.189,-38.496,0.2972
18.221,-38.488,0.2922
18.868,-38.286,0.2893
19.554,-38.088,0.2907
19.962,-37.969,0.2988
20.642,-37.764,0.3190
21.067,-37.609,0.3320
21.543,-37.431,0.3612
21.793,-37.338,0.3616
22.320,-37.130,0.3608
22.849,-36.935,0.3613
22.980,-36.889,0.3556
23.239,-36.791,0.3561
23.365,-36.742,0.3590
24.025,-36.498,0.3583
24.525,-36.309,0.3536
24.587,-36.286,0.4075
25.175,-36.074,0.5223
25.573,-35.829,0.5667
26.175,-35.359,0.6572
26.678,-34.956,0.6958
26.823,-34.803,0.7546
26.895,-34.726,0.7190
27.401,-34.207,0.5791
27.901,-33.886,0.5070
28.622,-33.626,0.3924
29.275,-33.404,0.3369
29.671,-33.267,0.3323
29.801,-33.220,0.3380
30.429,-33.003,0.3423
31.096,-32.763,0.3421
31.794,-32.511,0.3372
32.059,-32.416,0.3298
32.730,-32.196,0.3209
33.448,-31.958,0.3193
34.161,-31.724,0.3217
34.839,-31.497,0.3251
35.558,-31.253,0.3258
36.241,-31.017,0.2797
36.920,-30.792,0.1683
37.500,-30.733,0.0035
37.966,-30.844,-0.1375
38.655,-31.009,-0.1014
39.101,-31.094,0.0137
39.690,-30.955,0.2012
40.087,-30.815,0.3132
40.767,-30.578,0.3399
41.432,-30.339,0.3411
42.070,-30.114,0.3412
42.755,-29.868,0.3392
43.414,-29.638,0.3395
44.093,-29.400,0.3360
44.237,-29.348,0.3300
44.317,-29.323,0.3263
45.033,-29.084,0.3247
45.695,-28.858,0.3252
46.325,-28.645,0.3253
46.985,-28.423,0.3235
47.683,-28.190,0.3228
48.169,-28.029,0.3217
48.291,-27.988,0.3207
48.424,-27.944,0.3213
49.081,-27.725,0.3093
49.546,-27.570,0.2712
49.641,-27.556,0.1705
49.622,-27.611,-1.9681
49.572,-27.641,-2.9677
49.519,-27.635,2.7211
49.460,-27.588,2.1212
49.454,-27.536,1.6561
49.478,-27.487,0.8460
49.505,-27.469,0.2187
49.565,-27.469,-0.4041
49.615,-27.500,-0.8822
49.630,-27.552,-1.5614
49.614,-27.602,-2.3881
49.567,-27.632,-2.8508
49.490,-27.617,-3.0371
49.468,-27.600,-3.1400
49.487,-27.616,-0.0222
49.539,-27.632,0.1536
49.594,-27.620,0.5609
49.632,-27.575,0.7292
49.632,-27.525,0.8374
49.631,-27.551,-2.3130
49.634,-27.576,-2.3250
49.593,-27.617,-2.7849
49.536,-27.627,3.0536
49.484,-27.605,2.4627
49.451,-27.560,1.8819
49.458,-27.507,1.3839
49.483,-27.463,0.9245
49.513,-27.452,0.4597
49.536,-27.448,-0.0427
49.561,-27.456,-0.3640
49.590,-27.468,-0.6422
49.608,-27.488,-0.9247
49.621,-27.511,-1.2570
49.626,-27.541,-1.5722
49.623,-27.569,-1.9387
49.608,-27.592,-2.4800
