session,seq,filename_color,pair_id,object,expected_level,distance_m,lateral,is_seen_class,fit_ok,fit_note,cam_height_m,tilt_deg,inlier_ratio,obstacle_h_m,obstacle_z_m,n_obstacle_pts,b1_level
session_19700102_062831,0,EMPTY_none_L0_2m_center_000.png,EMPTY,none,L0,2,center,false,1,,0.5647,13.82,0.995,0.0,nan,0,L0
session_19700102_062831,1,EMPTY_none_L0_2m_center_001.png,EMPTY,none,L0,2,center,false,1,,0.5653,13.86,0.994,0.0,nan,0,L0
session_19700102_062831,2,EMPTY_none_L0_2m_center_002.png,EMPTY,none,L0,2,center,false,1,,0.5651,13.83,0.997,0.0,nan,0,L0
session_19700102_062831,3,EMPTY_none_L0_2m_center_003.png,EMPTY,none,L0,2,center,false,1,,0.564,13.73,0.991,0.0,nan,2,L0
session_19700102_062831,4,EMPTY_none_L0_2m_center_004.png,EMPTY,none,L0,2,center,false,1,,0.5647,13.77,0.99,0.0,nan,0,L0
session_19700102_062831,5,EMPTY_none_L0_2m_center_005.png,EMPTY,none,L0,2,center,false,1,,0.5651,13.78,0.989,0.0,nan,4,L0
session_19700102_062831,6,P06_road-marking_L0_3m_center_006.png,P06,road-marking,L0,3,center,false,1,,0.5641,13.62,0.981,0.0,nan,0,L0
session_19700102_062831,7,P06_road-marking_L0_2m_center_007.png,P06,road-marking,L0,2,center,false,1,,0.5576,13.47,0.974,0.0,nan,0,L0
session_19700102_062831,8,P06_road-marking_L0_1m_center_008.png,P06,road-marking,L0,1,center,false,1,,0.5735,13.9,0.982,0.0,nan,18,L0
session_19700102_062831,9,P06_cable_L2_1m_center_009.png,P06,cable,L2,1,center,false,1,,0.5635,13.61,0.994,0.0,nan,0,L0
session_19700102_062831,10,P06_cable_L2_1m_left_010.png,P06,cable,L2,1,left,false,1,,0.564,13.67,0.994,0.0,nan,0,L0
session_19700102_062831,11,P06_cable_L2_2m_center_011.png,P06,cable,L2,2,center,false,1,,0.5635,13.63,0.992,0.0,nan,0,L0
session_19700102_062831,12,P06_cable_L2_2m_left_012.png,P06,cable,L2,2,left,false,1,,0.5646,13.69,0.996,0.0,nan,0,L0
session_19700102_062831,13,P06_cable_L2_3m_center_013.png,P06,cable,L2,3,center,false,1,,0.5637,13.64,0.994,0.0,nan,0,L0
session_19700102_062831,14,P06_cable_L2_3m_left_014.png,P06,cable,L2,3,left,false,1,,0.564,13.66,0.992,0.0,nan,0,L0
session_19700102_062831,15,P06_road-marking_L0_3m_left_015.png,P06,road-marking,L0,3,left,false,1,,0.5645,13.21,0.971,0.0374,3.201,50,L0
session_19700102_062831,16,P06_road-marking_L0_2m_left_016.png,P06,road-marking,L0,2,left,false,1,,0.5594,13.87,0.969,0.0689,3.108,177,L1
session_19700102_062831,17,P06_road-marking_L0_1m_left_017.png,P06,road-marking,L0,1,left,false,1,,0.5684,13.71,0.947,0.0,nan,0,L0
session_19700102_062831,18,P01_box_L1_1m_center_018.png,P01,box,L1,1,center,false,1,,0.569,13.09,0.816,0.3574,1.041,6986,L1
session_19700102_062831,19,P01_box_L1_2m_center_019.png,P01,box,L1,2,center,false,1,,0.5718,13.22,0.948,0.3604,2.11,2155,L1
session_19700102_062831,20,P01_box_L1_2m_left_020.png,P01,box,L1,2,left,false,1,,0.5703,13.14,0.949,0.3586,2.063,2125,L1
session_19700102_062831,21,P01_box_L1_1m_left_021.png,P01,box,L1,1,left,false,1,,0.5677,13.06,0.862,0.3529,1.14,5733,L1
session_19700102_062831,22,P01_box_L1_3m_center_022.png,P01,box,L1,3,center,false,1,,0.5703,13.18,0.983,0.3707,3.42,901,L1
session_19700102_062831,23,P01_box_L1_3m_left_023.png,P01,box,L1,3,left,false,1,,0.57,13.19,0.979,0.3392,3.365,695,L1
session_19700102_062831,24,P01_person-crouch_L2_1m_center_024.png,P01,person-crouch,L2,1,center,true,1,,0.5722,13.3,0.77,0.7062,1.118,20059,L1
session_19700102_062831,25,P01_person-crouch_L2_1m_left_025.png,P01,person-crouch,L2,1,left,true,1,,0.5667,13.05,0.878,0.7473,1.425,12316,L1
session_19700102_062831,26,P01_person-crouch_L2_2m_center_026.png,P01,person-crouch,L2,2,center,true,1,,0.5704,13.22,0.948,0.846,2.224,7391,L1
session_19700102_062831,27,P01_person-crouch_L2_2m_left_027.png,P01,person-crouch,L2,2,left,true,1,,0.5717,13.27,0.949,0.8311,2.263,6417,L1
session_19700102_062831,28,P01_person-crouch_L2_3m_center_028.png,P01,person-crouch,L2,3,center,true,1,,0.5708,13.24,0.983,0.9733,3.377,3442,L1
session_19700102_062831,29,P01_person-crouch_L2_3m_left_029.png,P01,person-crouch,L2,3,left,true,1,,0.5693,13.18,0.976,0.8241,3.338,2653,L1
session_19700102_062831,30,P02_box-intact_L1_1m_center_030.png,P02,box-intact,L1,1,center,false,1,,0.5704,13.26,0.839,0.3565,1.116,6199,L1
session_19700102_062831,31,P02_box-intact_L1_1m_left_031.png,P02,box-intact,L1,1,left,false,1,,0.5676,13.14,0.91,0.3495,1.134,3505,L1
session_19700102_062831,32,P02_box-intact_L1_2m_center_032.png,P02,box-intact,L1,2,center,false,1,,0.5721,13.32,0.951,0.3565,2.184,1898,L1
session_19700102_062831,33,P02_box-intact_L1_2m_left_033.png,P02,box-intact,L1,2,left,false,1,,0.5694,13.19,0.95,0.3552,2.159,2009,L1
session_19700102_062831,34,P02_box-intact_L1_3m_center_034.png,P02,box-intact,L1,3,center,false,1,,0.5702,13.22,0.975,0.3768,3.288,953,L1
session_19700102_062831,35,P02_box-intact_L1_3m_left_035.png,P02,box-intact,L1,3,left,false,1,,0.5706,13.25,0.98,0.3421,3.193,870,L1
session_19700102_062831,36,P03_bag-empty_L0_1m_center_036.png,P03,bag-empty,L0,1,center,false,1,,0.5696,13.22,0.952,0.1205,1.167,1423,L1
session_19700102_062831,37,P03_bag-empty_L0_1m_left_037.png,P03,bag-empty,L0,1,left,false,1,,0.57,13.26,0.958,0.0963,1.247,1087,L1
session_19700102_062831,38,P03_bag-empty_L0_2m_center_038.png,P03,bag-empty,L0,2,center,false,1,,0.57,13.26,0.968,0.1104,2.086,591,L1
session_19700102_062831,39,P03_bag-empty_L0_2m_left_039.png,P03,bag-empty,L0,2,left,false,1,,0.5697,13.24,0.969,0.0891,2.075,553,L1
session_19700102_062831,40,P03_bag-empty_L0_3m_center_040.png,P03,bag-empty,L0,3,center,false,1,,0.5701,13.27,0.981,0.118,3.39,265,L1
session_19700102_062831,41,P03_bag-empty_L0_3m_left_041.png,P03,bag-empty,L0,3,left,false,1,,0.5699,13.24,0.977,0.1362,3.433,209,L1
session_19700102_062831,42,P03_bag-full_L1_1m_center_042.png,P03,bag-full,L1,1,center,false,1,,0.5702,13.25,0.929,0.2064,1.159,2411,L1
session_19700102_062831,43,P03_bag-full_L1_1m_left_043.png,P03,bag-full,L1,1,left,false,1,,0.5686,13.2,0.924,0.2206,1.186,2557,L1
session_19700102_062831,44,P03_bag-full_L1_2m_center_044.png,P03,bag-full,L1,2,center,false,1,,0.57,13.24,0.962,0.2035,2.307,966,L1
session_19700102_062831,45,P03_bag-full_L1_2m_left_045.png,P03,bag-full,L1,2,left,false,1,,0.5707,13.28,0.968,0.208,2.28,872,L1
session_19700102_062831,46,P03_bag-full_L1_3m_center_046.png,P03,bag-full,L1,3,center,false,1,,0.5694,13.22,0.984,0.2172,3.583,306,L1
session_19700102_062831,47,P03_bag-full_L1_3m_left_047.png,P03,bag-full,L1,3,left,false,1,,0.5698,13.22,0.978,0.1915,3.482,274,L1
session_19700102_062831,48,P05_toilet-paper_L1_1m_center_048.png,P05,toilet-paper,L1,1,center,false,1,,0.5706,13.27,0.788,0.3715,1.157,8796,L1
session_19700102_062831,49,P05_toilet-paper_L1_1m_left_049.png,P05,toilet-paper,L1,1,left,false,1,,0.5687,13.33,0.873,0.3309,1.166,5226,L1
session_19700102_062831,50,P05_toilet-paper_L1_2m_center_050.png,P05,toilet-paper,L1,2,center,false,1,,0.57,13.27,0.935,0.3653,2.112,3215,L1
session_19700102_062831,51,P05_toilet-paper_L1_2m_left_051.png,P05,toilet-paper,L1,2,left,false,1,,0.5685,13.21,0.937,0.3617,2.084,2495,L1
session_19700102_062831,52,P05_toilet-paper_L1_3m_center_052.png,P05,toilet-paper,L1,3,center,false,1,,0.571,13.35,0.972,0.3928,3.335,1499,L1
session_19700102_062831,53,P05_toilet-paper_L1_3m_left_053.png,P05,toilet-paper,L1,3,left,false,1,,0.5698,13.3,0.977,0.3721,3.283,1295,L1
session_19700102_062831,54,EMPTY_none_L0_1m_center_054.png,EMPTY,none,L0,1,center,false,1,,0.5702,13.35,0.983,0.0,nan,0,L0
session_19700102_062831,55,EMPTY_none_L0_1m_center_055.png,EMPTY,none,L0,1,center,false,1,,0.571,13.38,0.985,0.0,nan,0,L0
session_19700102_062831,56,EMPTY_none_L0_1m_center_056.png,EMPTY,none,L0,1,center,false,1,,0.5698,13.34,0.986,0.0,nan,0,L0
session_19700102_062831,57,EMPTY_none_L0_1m_center_057.png,EMPTY,none,L0,1,center,false,1,,0.5722,13.26,0.949,0.0466,2.367,159,L0
session_19700102_062831,58,EMPTY_none_L0_1m_center_058.png,EMPTY,none,L0,1,center,false,1,,0.5722,13.25,0.949,0.0443,2.34,195,L0
session_19700102_062831,59,EMPTY_none_L0_1m_center_059.png,EMPTY,none,L0,1,center,false,1,,0.5727,13.28,0.953,0.0454,2.351,140,L0
session_19700102_062831,60,P05_person-stand_L2_1m_center_060.png,P05,person-stand,L2,1,center,true,1,,0.5691,13.38,0.811,0.7161,1.121,17250,L1
session_19700102_062831,61,P05_person-stand_L2_1m_left_061.png,P05,person-stand,L2,1,left,true,1,,0.5678,13.31,0.875,0.747,1.313,13199,L1
session_19700102_062831,62,P05_person-stand_L2_2m_center_062.png,P05,person-stand,L2,2,center,true,1,,0.571,13.44,0.946,0.8762,2.233,6960,L1
session_19700102_062831,63,P05_person-stand_L2_2m_left_063.png,P05,person-stand,L2,2,left,true,1,,0.5695,13.37,0.952,0.8842,2.236,6851,L1
session_19700102_062831,64,P05_person-stand_L2_3m_center_064.png,P05,person-stand,L2,3,center,true,1,,0.5706,13.41,0.984,1.0383,3.313,4190,L1
session_19700102_062831,65,P05_person-stand_L2_3m_left_065.png,P05,person-stand,L2,3,left,true,1,,0.5707,13.42,0.98,1.0355,3.292,3836,L1
session_19700102_062831,66,X-L2_bowl-shards_L2_1m_center_066.png,X-L2,bowl-shards,L2,1,center,false,1,,0.5678,13.35,0.964,0.0788,1.195,778,L1
session_19700102_062831,67,X-L2_bowl-shards_L2_1m_left_067.png,X-L2,bowl-shards,L2,1,left,false,1,,0.5683,13.35,0.971,0.0593,1.327,337,L0
session_19700102_062831,68,X-L2_bowl-shards_L2_2m_center_068.png,X-L2,bowl-shards,L2,2,center,false,1,,0.5698,13.4,0.979,0.0512,2.392,150,L0
session_19700102_062831,69,X-L2_bowl-shards_L2_2m_left_069.png,X-L2,bowl-shards,L2,2,left,false,1,,0.5707,13.46,0.983,0.0528,2.576,99,L0
session_19700102_062831,70,X-L2_bowl-shards_L2_3m_center_070.png,X-L2,bowl-shards,L2,3,center,false,1,,0.5699,13.41,0.981,0.0,nan,24,L0
session_19700102_062831,71,X-L2_bowl-shards_L2_3m_left_071.png,X-L2,bowl-shards,L2,3,left,false,1,,0.5702,13.43,0.979,0.0,nan,30,L0
session_19700102_062831,72,COCO_bicycle_L1_1m_center_072.png,COCO,bicycle,L1,1,center,true,1,,0.5704,13.54,0.835,0.7709,1.174,19572,L1
session_19700102_062831,73,COCO_bicycle_L1_1m_left_073.png,COCO,bicycle,L1,1,left,true,1,,0.5678,13.42,0.917,0.8089,1.395,10300,L1
session_19700102_062831,74,COCO_bicycle_L1_2m_center_074.png,COCO,bicycle,L1,2,center,true,1,,0.5701,13.48,0.966,0.916,2.318,5227,L1
session_19700102_062831,75,COCO_bicycle_L1_2m_left_075.png,COCO,bicycle,L1,2,left,true,1,,0.5691,13.44,0.97,0.7561,2.234,2306,L1
session_19700102_062831,76,COCO_bicycle_L1_3m_center_076.png,COCO,bicycle,L1,3,center,true,1,,0.5702,13.49,0.986,0.852,3.419,1106,L1
session_19700102_062831,77,COCO_bicycle_L1_3m_left_077.png,COCO,bicycle,L1,3,left,true,1,,0.5698,13.49,0.988,0.7548,3.416,636,L1
session_19700102_062831,78,COCO_umbrella_L1_1m_center_078.png,COCO,umbrella,L1,1,center,true,1,,0.5717,13.57,0.752,0.5359,1.182,16313,L1
session_19700102_062831,79,COCO_umbrella_L1_1m_left_079.png,COCO,umbrella,L1,1,left,true,1,,0.5682,13.4,0.915,0.4346,1.296,4640,L1
session_19700102_062831,80,COCO_umbrella_L1_2m_center_080.png,COCO,umbrella,L1,2,center,true,1,,0.5707,13.51,0.938,0.5591,2.341,5881,L1
session_19700102_062831,81,COCO_umbrella_L1_2m_left_081.png,COCO,umbrella,L1,2,left,true,1,,0.5701,13.5,0.953,0.4409,2.309,2608,L1
session_19700102_062831,82,COCO_umbrella_L1_3m_center_082.png,COCO,umbrella,L1,3,center,true,1,,0.5719,13.57,0.976,0.5628,3.196,2846,L1
session_19700102_062831,83,COCO_umbrella_L1_3m_left_083.png,COCO,umbrella,L1,3,left,true,1,,0.5698,13.47,0.974,0.4513,3.126,1315,L1
session_19700102_062831,84,COCO_backpack_L1_1m_center_084.png,COCO,backpack,L1,1,center,true,1,,0.5689,13.45,0.882,0.2339,1.246,4201,L1
session_19700102_062831,85,COCO_backpack_L1_1m_left_085.png,COCO,backpack,L1,1,left,true,1,,0.5683,13.44,0.916,0.2262,1.432,3237,L1
session_19700102_062831,86,COCO_backpack_L1_2m_center_086.png,COCO,backpack,L1,2,center,true,1,,0.5701,13.49,0.955,0.2151,2.135,1549,L1
session_19700102_062831,87,COCO_backpack_L1_2m_left_087.png,COCO,backpack,L1,2,left,true,1,,0.5697,13.47,0.945,0.2017,2.023,1598,L1
session_19700102_062831,88,COCO_backpack_L1_3m_center_088.png,COCO,backpack,L1,3,center,true,1,,0.5705,13.5,0.979,0.1953,3.231,776,L1
session_19700102_062831,89,COCO_backpack_L1_3m_left_089.png,COCO,backpack,L1,3,left,true,1,,0.5705,13.53,0.974,0.1785,3.154,352,L1
