# 路線 A→B, 164.7 m  (x,y,yaw_rad)  來源 A_B_kf.csv KF 95-1848
-0.503,-0.152,-2.8161
-1.104,-0.355,-2.8118
-1.697,-0.555,-2.8097
-2.288,-0.763,-2.8100
-2.743,-0.924,-2.8150
-3.088,-1.038,-2.8272
-3.678,-1.226,-2.8277
-4.222,-1.392,-2.8266
-4.798,-1.591,-2.8234
-5.393,-1.789,-2.8129
-5.982,-1.985,-2.8172
-6.456,-2.154,-2.8196
-7.180,-2.392,-2.5881
-7.725,-2.567,-2.1736
-7.665,-3.025,-1.6074
-7.465,-3.620,-1.2765
-7.246,-4.195,-1.2319
-7.057,-4.771,-1.2281
-6.845,-5.351,-1.2343
-6.682,-5.815,-1.2298
-6.519,-6.273,-1.2403
-6.316,-6.859,-1.2404
-6.126,-7.447,-1.2462
-5.920,-8.037,-1.2522
-5.765,-8.514,-1.2561
-5.653,-8.869,-1.2591
-5.436,-9.567,-1.2582
-5.242,-10.141,-1.2598
-5.044,-10.745,-1.2569
-4.871,-11.302,-1.2582
-4.677,-11.905,-1.2653
-4.478,-12.505,-1.2673
-4.273,-13.190,-1.2713
-4.095,-13.780,-1.2807
-3.956,-14.240,-1.2841
-3.768,-14.883,-1.2810
-3.603,-15.463,-1.2793
-3.413,-16.067,-1.2784
-3.236,-16.640,-1.2739
-3.056,-17.248,-1.2773
-2.981,-17.496,-1.2802
-2.759,-18.231,-1.2816
-2.683,-18.489,-1.2794
-2.504,-19.103,-1.2805
-2.328,-19.673,-1.2827
-2.255,-19.918,-1.2825
-2.043,-20.649,-1.2846
-1.867,-21.251,-1.2869
-1.690,-21.841,-1.2879
-1.515,-22.454,-1.2853
-1.418,-22.799,-1.2706
-1.246,-23.367,-1.2385
-1.126,-23.663,-1.2278
-0.896,-24.248,-1.2041
-0.687,-24.846,-1.2030
-0.466,-25.398,-1.2091
-0.236,-25.973,-1.1989
-0.019,-26.566,-1.2057
0.209,-27.143,-1.2065
0.428,-27.737,-1.2072
0.656,-28.312,-1.2079
0.921,-29.036,-1.2058
1.153,-29.629,-1.2143
1.285,-29.980,-1.2161
1.533,-30.667,-1.2222
1.652,-31.010,-1.2205
1.741,-31.247,-1.2206
1.958,-31.822,-1.2165
2.167,-32.403,-1.2208
2.383,-32.986,-1.2233
2.504,-33.337,-1.2242
2.796,-34.136,-1.2316
2.996,-34.698,-1.2301
3.191,-35.276,-1.2311
3.387,-35.828,-1.2308
3.555,-36.284,-1.2277
3.677,-36.623,-1.2296
3.883,-37.213,-1.2295
4.122,-37.898,-1.2362
4.342,-38.500,-1.2353
4.529,-39.074,-1.2344
4.739,-39.668,-1.2386
4.943,-40.246,-1.2361
5.178,-40.923,-1.2389
5.385,-41.535,-0.9201
5.501,-41.879,-0.3117
5.980,-41.608,0.1936
6.562,-41.369,0.3863
6.869,-41.244,0.3332
7.650,-41.005,0.3074
8.257,-40.820,0.2970
8.868,-40.637,0.2952
9.489,-40.442,0.2946
10.097,-40.261,0.2953
10.706,-40.077,0.2914
11.327,-39.889,0.2928
11.933,-39.709,0.2913
12.548,-39.522,0.2881
13.031,-39.380,0.2858
13.625,-39.208,0.2777
14.254,-39.027,0.2774
14.860,-38.863,0.2832
15.468,-38.686,0.2929
15.797,-38.576,0.3087
16.393,-38.382,0.3203
16.992,-38.183,0.3193
17.605,-37.977,0.3170
18.208,-37.779,0.3167
18.838,-37.580,0.3177
19.430,-37.384,0.3153
20.038,-37.177,0.3186
20.639,-36.986,0.3155
21.236,-36.789,0.3100
21.853,-36.593,0.3110
22.326,-36.444,0.3400
22.767,-36.302,0.4177
23.000,-36.165,0.5278
23.277,-35.961,0.6100
23.808,-35.580,0.6209
24.341,-35.202,0.6167
24.861,-34.834,0.6155
25.386,-34.466,0.6182
25.812,-34.163,0.5881
26.315,-33.798,0.4938
26.578,-33.689,0.4037
27.186,-33.497,0.3093
27.809,-33.310,0.3053
28.365,-33.143,0.3158
28.726,-33.012,0.3319
29.319,-32.800,0.3463
29.921,-32.582,0.3441
30.524,-32.364,0.3427
31.148,-32.144,0.3413
31.755,-31.931,0.3365
32.373,-31.711,0.3387
32.977,-31.506,0.3390
33.578,-31.288,0.3392
34.177,-31.077,0.3424
34.782,-30.861,0.3410
35.376,-30.651,0.3393
35.711,-30.531,0.2831
36.007,-30.431,0.1666
36.353,-30.404,0.0896
36.964,-30.384,0.0394
37.625,-30.359,0.0325
38.264,-30.342,0.0541
38.567,-30.332,0.1551
38.903,-30.279,0.2365
39.665,-30.040,0.2806
40.289,-29.854,0.2997
40.885,-29.664,0.3004
41.492,-29.479,0.3029
42.112,-29.282,0.3004
42.708,-29.098,0.3002
43.309,-28.913,0.2976
43.918,-28.728,0.2978
44.515,-28.545,0.2973
45.132,-28.354,0.2962
45.737,-28.169,0.2952
46.353,-27.985,0.2925
46.952,-27.804,0.2913
47.563,-27.622,0.2880
48.158,-27.443,0.2851
48.767,-27.270,0.2821
49.368,-27.096,0.2794
49.975,-26.923,0.2816
50.584,-26.747,0.2823
51.197,-26.567,0.2911
51.485,-26.482,0.3006
52.281,-26.232,0.3078
52.884,-26.034,0.3143
53.481,-25.841,0.3164
54.075,-25.640,0.3145
54.682,-25.446,0.3265
54.996,-25.347,0.3397
55.324,-25.217,0.3566
55.903,-24.994,0.3689
56.486,-24.774,0.3660
57.068,-24.546,0.3645
57.680,-24.314,0.3672
58.270,-24.091,0.3613
58.862,-23.860,0.3584
59.455,-23.644,0.3577
60.056,-23.424,0.3517
60.525,-23.248,0.3525
61.132,-23.027,0.3529
61.736,-22.805,0.3520
62.320,-22.590,0.3533
62.929,-22.365,0.3523
63.510,-22.150,0.3494
64.116,-21.930,0.3530
64.705,-21.721,0.3498
65.307,-21.489,0.3485
65.895,-21.280,0.3523
66.483,-21.070,0.3479
67.077,-20.849,0.3492
67.659,-20.636,0.3504
68.257,-20.420,0.3479
68.847,-20.206,0.3473
69.200,-20.079,0.3460
69.797,-19.862,0.3447
70.393,-19.650,0.3422
71.003,-19.432,0.3396
71.603,-19.223,0.3387
72.090,-19.052,0.3375
72.692,-18.840,0.3380
73.291,-18.629,0.3369
73.879,-18.423,0.3345
74.488,-18.212,0.3325
75.080,-18.010,0.3315
75.689,-17.801,0.3285
76.282,-17.596,0.3316
76.882,-17.396,0.3300
77.479,-17.184,0.3289
78.080,-16.982,0.3296
78.682,-16.777,0.3273
79.276,-16.577,0.3260
79.871,-16.372,0.3234
80.476,-16.172,0.3216
81.081,-15.973,0.3196
81.653,-15.785,0.3193
82.252,-15.584,0.3192
82.847,-15.388,0.3206
83.447,-15.191,0.3155
84.053,-14.988,0.3129
84.663,-14.797,0.3095
85.029,-14.682,0.3065
85.864,-14.418,0.3084
86.464,-14.225,0.3080
86.945,-14.070,0.3077
87.660,-13.845,0.3072
88.259,-13.657,0.3044
88.863,-13.464,0.3011
89.469,-13.277,0.3024
90.075,-13.095,0.2994
90.679,-12.902,0.2972
91.286,-12.716,0.3138
91.830,-12.554,0.3289
92.232,-12.395,0.3496
92.777,-12.186,0.3685
93.354,-11.962,0.3656
93.925,-11.745,0.3667
94.515,-11.521,0.3680
95.102,-11.293,0.3702
95.670,-11.069,0.3704
96.249,-10.843,0.3717
96.825,-10.624,0.3688
97.416,-10.391,0.3647
97.991,-10.172,0.3656
98.559,-9.961,0.3624
99.142,-9.737,0.3619
99.713,-9.520,0.3613
100.284,-9.304,0.3601
100.861,-9.091,0.3585
101.453,-8.867,0.3570
102.032,-8.651,0.3579
102.504,-8.476,0.3566
103.091,-8.257,0.3518
103.681,-8.037,0.3532
104.263,-7.832,0.3522
104.842,-7.614,0.3469
105.415,-7.403,0.3490
106.010,-7.195,0.3465
106.593,-6.984,0.3464
107.174,-6.772,0.3503
107.759,-6.557,0.3532
108.342,-6.343,0.3549
108.926,-6.124,0.3544
109.381,-5.954,0.3538
109.791,-5.805,0.3505
110.210,-5.653,-0.3113
110.507,-5.546,-0.7161
110.730,-6.388,-1.0666
110.869,-6.743,-1.2445
111.004,-7.092,-1.2040
111.226,-7.671,-1.2066
111.357,-8.020,-1.2068
111.617,-8.705,-1.2094
111.750,-9.050,-1.2077
111.836,-9.285,-1.2074
111.879,-9.394,-1.2120
