# 路線 C→B, 131.5 m  (x,y,yaw_rad)  來源 C_B_kf.csv KF 96-1348
-0.399,-0.517,-2.3516
-0.832,-0.959,-2.3498
-1.275,-1.401,-2.3534
-1.722,-1.857,-2.3506
-2.172,-2.300,-2.3492
-2.611,-2.758,-2.3530
-2.969,-3.119,-2.3476
-3.425,-3.571,-1.9311
-3.608,-3.761,-1.3622
-3.126,-4.125,-0.8619
-2.664,-4.560,-0.7299
-2.202,-4.997,-0.7574
-1.746,-5.427,-0.7577
-1.293,-5.858,-0.7605
-0.829,-6.296,-0.7592
-0.370,-6.740,-0.7587
0.096,-7.175,-0.7597
0.552,-7.607,-0.7574
1.007,-8.040,-0.7619
1.466,-8.476,-0.7639
1.922,-8.917,-0.7656
2.380,-9.358,-0.7681
2.837,-9.799,-0.7678
3.293,-10.241,-0.7678
3.746,-10.678,-0.7679
4.206,-11.121,-0.7665
4.669,-11.568,-0.7654
5.128,-12.008,-0.7646
5.579,-12.439,-0.7660
6.026,-12.867,-0.7650
6.483,-13.313,-0.7651
6.953,-13.760,-0.7666
7.411,-14.198,-0.7638
7.867,-14.640,-0.7635
8.324,-15.076,-0.7658
8.797,-15.525,-0.7654
9.261,-15.977,-0.7683
9.729,-16.429,-0.7705
10.104,-16.796,-0.7709
10.568,-17.244,-0.7705
10.942,-17.610,-0.7714
11.126,-17.785,-0.7748
11.584,-18.235,-0.7736
11.861,-18.510,-0.7810
12.143,-18.783,-0.7844
12.599,-19.245,-0.7818
13.053,-19.701,-0.7840
13.520,-20.157,-0.7827
13.978,-20.613,-0.7827
14.432,-21.068,-0.7849
14.892,-21.530,-0.7843
15.350,-21.985,-0.7862
15.808,-22.439,-0.7859
16.263,-22.902,-0.7865
16.726,-23.366,-0.7892
17.187,-23.826,-0.7884
17.640,-24.285,-0.7919
18.098,-24.748,-0.7936
18.547,-25.211,-0.7947
18.997,-25.666,-0.7967
19.449,-26.128,-0.7947
19.897,-26.588,-0.7972
20.352,-27.050,-0.7975
20.790,-27.502,-0.7967
21.242,-27.965,-0.7957
21.683,-28.415,-0.7968
22.132,-28.867,-0.7972
22.566,-29.319,-0.7989
22.994,-29.759,-0.8025
23.433,-30.213,-0.8025
23.884,-30.680,-0.8040
24.317,-31.131,-0.8065
24.763,-31.595,-0.8082
25.198,-32.054,-0.8099
25.637,-32.515,-0.8125
26.068,-32.970,-0.8119
26.501,-33.430,-0.8119
26.942,-33.893,-0.8141
27.384,-34.357,-0.8148
27.813,-34.818,-0.8178
28.252,-35.287,-0.8193
28.509,-35.565,-0.8229
28.937,-36.019,-0.8254
29.364,-36.490,-0.8258
29.799,-36.963,-0.8148
30.184,-37.381,-0.7938
30.488,-37.664,-0.7757
30.957,-38.110,-0.7562
31.411,-38.544,-0.7582
31.877,-38.978,-0.7554
32.339,-39.417,-0.7545
32.813,-39.858,-0.7566
32.997,-40.035,-0.7576
33.182,-40.210,-0.7623
33.651,-40.658,-0.7646
34.118,-41.104,-0.7636
34.570,-41.544,-0.7673
35.033,-41.982,-0.7669
35.480,-42.422,-0.7658
35.937,-42.857,-0.7676
36.390,-43.294,-0.7665
36.836,-43.722,-0.7716
37.284,-44.159,-0.7775
37.736,-44.607,-0.7848
38.178,-45.054,-0.7957
38.629,-45.513,-0.8020
39.061,-45.973,-0.8055
39.488,-46.418,-0.8101
39.930,-46.878,-0.8082
40.364,-47.336,-0.8087
40.799,-47.792,-0.8115
41.227,-48.240,-0.8129
41.666,-48.707,-0.8149
41.917,-48.977,-0.8168
42.347,-49.434,-0.8169
42.786,-49.900,-0.8050
43.078,-50.211,-0.7912
43.366,-50.484,-0.7718
43.811,-50.915,-0.7615
44.276,-51.350,-0.7604
44.729,-51.785,-0.7586
45.003,-52.041,-0.7619
45.189,-52.221,-0.7565
45.646,-52.657,-0.7583
46.115,-53.093,-0.7578
46.576,-53.531,-0.7554
46.848,-53.791,-0.7582
47.398,-54.307,-0.7582
47.850,-54.736,-0.7583
48.218,-55.086,-0.7632
48.666,-55.513,-0.7629
48.942,-55.784,-0.7657
49.398,-56.216,-0.7677
49.845,-56.650,-0.7649
50.106,-56.903,-0.7648
50.558,-57.335,-0.7645
51.009,-57.762,-0.7650
51.457,-58.196,-0.7676
51.808,-58.537,-0.7708
52.355,-59.069,-0.7711
52.541,-59.250,-0.7717
52.984,-59.680,-0.7723
53.436,-60.121,-0.7719
53.705,-60.384,-0.7718
53.968,-60.639,-0.7708
54.405,-61.063,-0.7740
54.856,-61.500,-0.7789
55.298,-61.941,-0.7808
55.824,-62.471,-0.7857
56.260,-62.901,-0.7843
56.699,-63.344,-0.7831
57.140,-63.779,-0.7843
57.574,-64.213,-0.7843
58.022,-64.659,-0.7866
58.461,-65.102,-0.7893
58.813,-65.456,-0.7914
59.243,-65.895,-0.7907
59.688,-66.345,-0.7916
60.138,-66.797,-0.7910
60.581,-67.246,-0.7921
61.112,-67.785,-0.7969
61.544,-68.226,-0.7996
61.983,-68.685,-0.8020
62.423,-69.141,-0.8018
62.859,-69.591,-0.7964
63.283,-70.023,-0.7979
63.728,-70.469,-0.7993
64.164,-70.926,-0.8029
64.598,-71.379,-0.8082
65.028,-71.830,-0.8091
65.460,-72.282,-0.8098
65.891,-72.737,-0.8104
66.320,-73.187,-0.8119
66.746,-73.636,-0.8123
67.186,-74.102,-0.8163
67.612,-74.553,-0.8174
68.045,-75.022,-0.8170
68.485,-75.490,-0.8193
68.838,-75.862,-0.8173
69.263,-76.320,-0.8163
69.696,-76.782,-0.8044
69.943,-77.041,-0.7953
70.570,-77.661,-0.7583
71.006,-78.098,-0.7360
71.495,-78.486,-0.6972
71.791,-78.715,-0.6692
72.287,-79.099,-0.7032
72.532,-79.305,-0.7473
72.796,-79.589,-0.7944
73.236,-80.054,-0.8069
73.662,-80.499,-0.8069
74.123,-80.966,-0.8044
74.572,-81.443,-0.7695
74.758,-81.635,-0.7290
75.134,-81.925,-0.6797
75.630,-82.312,-0.6738
76.130,-82.702,-0.7177
76.346,-82.903,-0.7597
76.771,-83.354,-0.8045
77.206,-83.809,-0.8108
77.648,-84.279,-0.8080
78.088,-84.736,-0.8165
78.521,-85.185,-0.8151
78.950,-85.665,-0.8178
79.376,-86.113,-0.8208
79.804,-86.567,-0.7857
80.237,-87.027,-0.7352
80.515,-87.231,-0.6930
81.028,-87.607,-0.6801
81.361,-87.860,-0.7135
81.581,-88.114,-0.7656
81.870,-88.404,-0.7971
82.287,-88.817,-0.7836
82.667,-89.197,-0.2418
82.941,-89.469,0.2212
83.443,-88.792,0.6467
83.688,-88.502,0.9021
83.855,-88.300,0.8715
84.022,-88.101,0.8704
84.427,-87.622,0.8441
84.600,-87.420,0.8173
84.816,-87.219,0.7695
85.084,-86.969,0.7495
85.544,-86.540,0.7509
85.912,-86.199,0.7510
86.360,-85.778,0.7512
