seq,filename_color,filename_depth,pair_id,object,expected_level,distance_m,lateral,is_seen_class,location,lighting,timestamp,empty_ref,depth_median_mm,notes
0,EMPTY_none_L0_2m_center_000.png,EMPTY_none_L0_2m_center_000_depth.png,EMPTY,none,L0,2,center,false,B,sunny,2026-08-05T14:50:38,,2520.0,
1,EMPTY_none_L0_2m_center_001.png,EMPTY_none_L0_2m_center_001_depth.png,EMPTY,none,L0,2,center,false,B,sunny,2026-08-05T14:50:39,,2520.0,
2,EMPTY_none_L0_2m_center_002.png,EMPTY_none_L0_2m_center_002_depth.png,EMPTY,none,L0,2,center,false,B,sunny,2026-08-05T14:50:40,,2510.0,
3,EMPTY_none_L0_2m_center_003.png,EMPTY_none_L0_2m_center_003_depth.png,EMPTY,none,L0,2,center,false,B,sunny,2026-08-05T14:50:58,,2552.0,
4,EMPTY_none_L0_2m_center_004.png,EMPTY_none_L0_2m_center_004_depth.png,EMPTY,none,L0,2,center,false,B,sunny,2026-08-05T14:50:59,,2520.0,
5,EMPTY_none_L0_2m_center_005.png,EMPTY_none_L0_2m_center_005_depth.png,EMPTY,none,L0,2,center,false,B,sunny,2026-08-05T14:50:59,,2520.0,
6,P02_box-intact_L1_1m_center_006.png,P02_box-intact_L1_1m_center_006_depth.png,P02,box-intact,L1,1,center,false,B,sunny,2026-08-05T14:53:25,EMPTY_none_L0_2m_center_005.png,1184.0,
7,P02_box-intact_L1_1m_left_007.png,P02_box-intact_L1_1m_left_007_depth.png,P02,box-intact,L1,1,left,false,B,sunny,2026-08-05T14:53:43,EMPTY_none_L0_2m_center_005.png,2469.0,
8,P02_box-intact_L1_2m_center_008.png,P02_box-intact_L1_2m_center_008_depth.png,P02,box-intact,L1,2,center,false,B,sunny,2026-08-05T14:54:28,EMPTY_none_L0_2m_center_005.png,2268.0,
9,P02_box-intact_L1_2m_left_009.png,P02_box-intact_L1_2m_left_009_depth.png,P02,box-intact,L1,2,left,false,B,sunny,2026-08-05T14:54:43,EMPTY_none_L0_2m_center_005.png,2479.0,
10,P02_box-intact_L1_3m_center_010.png,P02_box-intact_L1_3m_center_010_depth.png,P02,box-intact,L1,3,center,false,B,sunny,2026-08-05T14:55:19,EMPTY_none_L0_2m_center_005.png,2450.0,
11,P02_box-intact_L1_3m_left_011.png,P02_box-intact_L1_3m_left_011_depth.png,P02,box-intact,L1,3,left,false,B,sunny,2026-08-05T14:55:35,EMPTY_none_L0_2m_center_005.png,2450.0,
12,P02_box-flattened_L0_1m_center_012.png,P02_box-flattened_L0_1m_center_012_depth.png,P02,box-flattened,L0,1,center,false,B,sunny,2026-08-05T14:59:27,EMPTY_none_L0_2m_center_005.png,2459.0,
13,P02_box-flattened_L0_1m_left_013.png,P02_box-flattened_L0_1m_left_013_depth.png,P02,box-flattened,L0,1,left,false,B,sunny,2026-08-05T14:59:40,EMPTY_none_L0_2m_center_005.png,2459.0,
14,P02_box-flattened_L0_2m_center_014.png,P02_box-flattened_L0_2m_center_014_depth.png,P02,box-flattened,L0,2,center,false,B,sunny,2026-08-05T15:00:11,EMPTY_none_L0_2m_center_005.png,2430.0,
15,P02_box-flattened_L0_2m_left_015.png,P02_box-flattened_L0_2m_left_015_depth.png,P02,box-flattened,L0,2,left,false,B,sunny,2026-08-05T15:00:28,EMPTY_none_L0_2m_center_005.png,2469.0,
16,P02_box-flattened_L0_3m_center_016.png,P02_box-flattened_L0_3m_center_016_depth.png,P02,box-flattened,L0,3,center,false,B,sunny,2026-08-05T15:01:06,EMPTY_none_L0_2m_center_005.png,2459.0,
17,P02_box-flattened_L0_3m_left_017.png,P02_box-flattened_L0_3m_left_017_depth.png,P02,box-flattened,L0,3,left,false,B,sunny,2026-08-05T15:01:19,EMPTY_none_L0_2m_center_005.png,2459.0,
18,P02_box-covering_L2_1m_center_018.png,P02_box-covering_L2_1m_center_018_depth.png,P02,box-covering,L2,1,center,false,B,sunny,2026-08-05T15:03:31,EMPTY_none_L0_2m_center_005.png,2499.0,2026-08-05 現場選錯 preset，事後依影像更正
19,P02_box-covering_L2_1m_left_019.png,P02_box-covering_L2_1m_left_019_depth.png,P02,box-covering,L2,1,left,false,B,sunny,2026-08-05T15:03:46,EMPTY_none_L0_2m_center_005.png,2450.0,2026-08-05 現場選錯 preset，事後依影像更正
20,P02_box-covering_L2_2m_center_020.png,P02_box-covering_L2_2m_center_020_depth.png,P02,box-covering,L2,2,center,false,B,sunny,2026-08-05T15:04:51,EMPTY_none_L0_2m_center_005.png,2311.0,2026-08-05 現場選錯 preset，事後依影像更正
21,P02_box-covering_L2_2m_left_021.png,P02_box-covering_L2_2m_left_021_depth.png,P02,box-covering,L2,2,left,false,B,sunny,2026-08-05T15:05:07,EMPTY_none_L0_2m_center_005.png,2440.0,2026-08-05 現場選錯 preset，事後依影像更正
22,P02_box-covering_L2_3m_center_022.png,P02_box-covering_L2_3m_center_022_depth.png,P02,box-covering,L2,3,center,false,B,sunny,2026-08-05T15:05:38,EMPTY_none_L0_2m_center_005.png,2430.0,2026-08-05 現場選錯 preset，事後依影像更正
23,P02_box-covering_L2_3m_left_023.png,P02_box-covering_L2_3m_left_023_depth.png,P02,box-covering,L2,3,left,false,B,sunny,2026-08-05T15:05:53,EMPTY_none_L0_2m_center_005.png,2440.0,2026-08-05 現場選錯 preset，事後依影像更正
24,NEG_road_L0_1m_center_024.png,NEG_road_L0_1m_center_024_depth.png,NEG,road,L0,1,center,false,B,sunny,2026-08-05T15:07:18,EMPTY_none_L0_2m_center_005.png,2440.0,
25,NEG_road_L0_1m_center_025.png,NEG_road_L0_1m_center_025_depth.png,NEG,road,L0,1,center,false,B,sunny,2026-08-05T15:07:36,EMPTY_none_L0_2m_center_005.png,2450.0,
26,NEG_road_L0_1m_center_026.png,NEG_road_L0_1m_center_026_depth.png,NEG,road,L0,1,center,false,B,sunny,2026-08-05T15:08:34,EMPTY_none_L0_2m_center_005.png,2489.0,
27,NEG_road_L0_1m_center_027.png,NEG_road_L0_1m_center_027_depth.png,NEG,road,L0,1,center,false,B,sunny,2026-08-05T15:08:49,EMPTY_none_L0_2m_center_005.png,2420.0,
28,NEG_road_L0_1m_center_028.png,NEG_road_L0_1m_center_028_depth.png,NEG,road,L0,1,center,false,B,sunny,2026-08-05T15:09:22,EMPTY_none_L0_2m_center_005.png,2346.0,
29,NEG_road_L0_1m_center_029.png,NEG_road_L0_1m_center_029_depth.png,NEG,road,L0,1,center,false,B,sunny,2026-08-05T15:09:36,EMPTY_none_L0_2m_center_005.png,2337.0,
30,NEG_road_L0_1m_center_030.png,NEG_road_L0_1m_center_030_depth.png,NEG,road,L0,1,center,false,B,sunny,2026-08-05T15:09:47,EMPTY_none_L0_2m_center_005.png,2420.0,
31,NEG_road_L0_1m_center_031.png,NEG_road_L0_1m_center_031_depth.png,NEG,road,L0,1,center,false,B,sunny,2026-08-05T15:10:14,EMPTY_none_L0_2m_center_005.png,2499.0,
32,NEG_road_L0_1m_center_032.png,NEG_road_L0_1m_center_032_depth.png,NEG,road,L0,1,center,false,B,sunny,2026-08-05T15:10:29,EMPTY_none_L0_2m_center_005.png,2520.0,
33,NEG_road_L0_1m_center_033.png,NEG_road_L0_1m_center_033_depth.png,NEG,road,L0,1,center,false,B,sunny,2026-08-05T15:10:47,EMPTY_none_L0_2m_center_005.png,2520.0,
34,NEG_road_L0_1m_center_034.png,NEG_road_L0_1m_center_034_depth.png,NEG,road,L0,1,center,false,B,sunny,2026-08-05T15:11:01,EMPTY_none_L0_2m_center_005.png,2595.0,
35,NEG_road_L0_1m_center_035.png,NEG_road_L0_1m_center_035_depth.png,NEG,road,L0,1,center,false,B,sunny,2026-08-05T15:11:24,EMPTY_none_L0_2m_center_005.png,2479.0,
36,NEG_grass_L0_1m_center_036.png,NEG_grass_L0_1m_center_036_depth.png,NEG,grass,L0,1,center,false,B,sunny,2026-08-05T15:18:54,EMPTY_none_L0_2m_center_005.png,2243.0,
37,NEG_grass_L0_1m_center_037.png,NEG_grass_L0_1m_center_037_depth.png,NEG,grass,L0,1,center,false,B,sunny,2026-08-05T15:19:01,EMPTY_none_L0_2m_center_005.png,2396.5,
38,NEG_grass_L0_1m_center_038.png,NEG_grass_L0_1m_center_038_depth.png,NEG,grass,L0,1,center,false,B,sunny,2026-08-05T15:19:08,EMPTY_none_L0_2m_center_005.png,2294.0,
39,NEG_grass_L0_1m_center_039.png,NEG_grass_L0_1m_center_039_depth.png,NEG,grass,L0,1,center,false,B,sunny,2026-08-05T15:19:13,EMPTY_none_L0_2m_center_005.png,2260.0,
40,NEG_grass_L0_1m_center_040.png,NEG_grass_L0_1m_center_040_depth.png,NEG,grass,L0,1,center,false,B,sunny,2026-08-05T15:19:33,EMPTY_none_L0_2m_center_005.png,2450.0,
41,NEG_grass_L0_1m_center_041.png,NEG_grass_L0_1m_center_041_depth.png,NEG,grass,L0,1,center,false,B,sunny,2026-08-05T15:19:37,EMPTY_none_L0_2m_center_005.png,2264.0,
42,NEG_grass_L0_1m_center_042.png,NEG_grass_L0_1m_center_042_depth.png,NEG,grass,L0,1,center,false,B,sunny,2026-08-05T15:19:42,EMPTY_none_L0_2m_center_005.png,2260.0,
43,NEG_grass_L0_1m_center_043.png,NEG_grass_L0_1m_center_043_depth.png,NEG,grass,L0,1,center,false,B,sunny,2026-08-05T15:20:10,EMPTY_none_L0_2m_center_005.png,2510.0,
44,NEG_grass_L0_1m_center_044.png,NEG_grass_L0_1m_center_044_depth.png,NEG,grass,L0,1,center,false,B,sunny,2026-08-05T15:20:16,EMPTY_none_L0_2m_center_005.png,2758.0,
45,NEG_grass_L0_1m_center_045.png,NEG_grass_L0_1m_center_045_depth.png,NEG,grass,L0,1,center,false,B,sunny,2026-08-05T15:20:22,EMPTY_none_L0_2m_center_005.png,2374.0,
46,NEG_sidewalk_L0_1m_center_046.png,NEG_sidewalk_L0_1m_center_046_depth.png,NEG,sidewalk,L0,1,center,false,B,sunny,2026-08-05T15:21:00,EMPTY_none_L0_2m_center_005.png,2459.0,2026-08-05 現場選錯 preset，事後依影像更正
47,NEG_sidewalk_L0_1m_center_047.png,NEG_sidewalk_L0_1m_center_047_depth.png,NEG,sidewalk,L0,1,center,false,B,sunny,2026-08-05T15:21:15,EMPTY_none_L0_2m_center_005.png,2674.0,2026-08-05 現場選錯 preset，事後依影像更正
48,NEG_sidewalk_L0_1m_center_048.png,NEG_sidewalk_L0_1m_center_048_depth.png,NEG,sidewalk,L0,1,center,false,B,sunny,2026-08-05T15:21:25,EMPTY_none_L0_2m_center_005.png,2584.0,2026-08-05 現場選錯 preset，事後依影像更正
49,NEG_sidewalk_L0_1m_center_049.png,NEG_sidewalk_L0_1m_center_049_depth.png,NEG,sidewalk,L0,1,center,false,B,sunny,2026-08-05T15:21:34,EMPTY_none_L0_2m_center_005.png,2469.0,2026-08-05 現場選錯 preset，事後依影像更正
50,NEG_sidewalk_L0_1m_center_050.png,NEG_sidewalk_L0_1m_center_050_depth.png,NEG,sidewalk,L0,1,center,false,B,sunny,2026-08-05T15:21:47,EMPTY_none_L0_2m_center_005.png,2420.0,2026-08-05 現場選錯 preset，事後依影像更正
51,NEG_sidewalk_L0_1m_center_051.png,NEG_sidewalk_L0_1m_center_051_depth.png,NEG,sidewalk,L0,1,center,false,B,sunny,2026-08-05T15:21:54,EMPTY_none_L0_2m_center_005.png,2573.0,2026-08-05 現場選錯 preset，事後依影像更正
52,NEG_sidewalk_L0_1m_center_052.png,NEG_sidewalk_L0_1m_center_052_depth.png,NEG,sidewalk,L0,1,center,false,B,sunny,2026-08-05T15:22:00,EMPTY_none_L0_2m_center_005.png,2573.0,2026-08-05 現場選錯 preset，事後依影像更正
53,NEG_sidewalk_L0_1m_center_053.png,NEG_sidewalk_L0_1m_center_053_depth.png,NEG,sidewalk,L0,1,center,false,B,sunny,2026-08-05T15:22:10,EMPTY_none_L0_2m_center_005.png,2552.0,2026-08-05 現場選錯 preset，事後依影像更正
54,NEG_sidewalk_L0_1m_center_054.png,NEG_sidewalk_L0_1m_center_054_depth.png,NEG,sidewalk,L0,1,center,false,B,sunny,2026-08-05T15:22:16,EMPTY_none_L0_2m_center_005.png,2510.0,2026-08-05 現場選錯 preset，事後依影像更正
55,NEG_sidewalk_L0_1m_center_055.png,NEG_sidewalk_L0_1m_center_055_depth.png,NEG,sidewalk,L0,1,center,false,B,sunny,2026-08-05T15:22:23,EMPTY_none_L0_2m_center_005.png,2450.0,2026-08-05 現場選錯 preset，事後依影像更正
61,NEG_road_L0_1m_center_061.png,NEG_road_L0_1m_center_061_depth.png,NEG,road,L0,1,center,false,B,sunny,2026-08-05T15:27:00,EMPTY_none_L0_2m_center_005.png,2499.0,"孤兒檔:原 CSV 紀錄遺失,2026-08-06 依影像與檔名還原"
