# 路線 A→D, 432.7 m  (x,y,yaw_rad)  來源 A_D_kf.csv KF 136-3782
-0.459,-0.340,-2.7652
-0.922,-0.525,-2.7616
-1.499,-0.751,-2.7588
-1.931,-0.928,-2.7581
-2.267,-1.068,-2.7570
-2.818,-1.290,-2.7652
-3.189,-1.435,-2.7674
-3.978,-1.737,-2.7702
-4.579,-1.976,-2.7662
-4.954,-2.122,-2.7576
-5.501,-2.346,-2.7565
-6.223,-2.644,-2.7548
-6.854,-2.898,-2.7577
-7.105,-2.998,-2.7565
-7.724,-3.244,-2.5158
-8.335,-3.500,-2.2410
-8.156,-3.839,-1.6229
-8.034,-4.170,-1.1967
-7.805,-4.796,-1.2211
-7.580,-5.423,-1.2198
-7.443,-5.794,-1.2193
-7.211,-6.418,-1.2186
-7.028,-6.915,-1.2191
-6.805,-7.532,-1.2203
-6.705,-7.805,-1.2224
-6.481,-8.415,-1.2189
-6.250,-9.057,-1.2206
-6.155,-9.302,-1.2250
-5.893,-10.028,-1.2256
-5.671,-10.663,-1.2267
-5.425,-11.351,-1.2295
-5.197,-11.975,-1.2272
-4.968,-12.632,-1.2304
-4.730,-13.293,-1.2249
-4.599,-13.683,-1.1971
-4.474,-13.981,-1.1784
-4.203,-14.583,-1.1603
-4.091,-14.837,-1.1630
-3.813,-15.489,-1.1730
-3.559,-16.099,-1.1757
-3.458,-16.356,-1.1747
-3.246,-16.863,-1.1728
-3.033,-17.354,-1.1647
-2.925,-17.607,-1.1638
-2.813,-17.856,-1.1601
-2.545,-18.489,-1.1568
-2.270,-19.106,-1.1626
-2.001,-19.710,-1.1632
-1.848,-20.087,-1.1693
-1.745,-20.342,-1.1796
-1.473,-20.983,-1.1797
-1.200,-21.652,-1.1783
-0.929,-22.316,-1.1793
-0.766,-22.707,-1.1783
-0.661,-22.950,-1.1734
-0.396,-23.594,-1.1755
-0.291,-23.836,-1.1824
-0.090,-24.327,-1.1801
0.161,-24.959,-1.1825
0.263,-25.194,-1.1829
0.571,-25.943,-1.1787
0.831,-26.581,-1.1797
1.094,-27.215,-1.1763
1.307,-27.726,-1.1715
1.417,-27.975,-1.1719
1.520,-28.214,-1.1659
1.789,-28.864,-1.1646
2.063,-29.490,-1.1635
2.341,-30.123,-1.1581
2.615,-30.752,-1.1608
2.723,-30.997,-1.1596
2.894,-31.402,-1.1609
3.112,-31.891,-1.1616
3.225,-32.156,-1.1608
3.504,-32.798,-1.1665
3.668,-33.183,-1.1611
3.821,-33.548,-1.1599
4.097,-34.164,-1.1560
4.381,-34.811,-1.1531
4.669,-35.456,-1.1539
4.827,-35.815,-1.1600
4.934,-36.054,-1.1644
5.263,-36.836,-1.1673
5.528,-37.452,-1.1704
5.674,-37.799,-1.1710
5.943,-38.438,-1.1698
6.217,-39.094,-1.1664
6.493,-39.728,-1.1645
6.607,-39.979,-1.1677
6.772,-40.365,-1.1707
7.011,-40.956,-0.9108
7.129,-41.232,-0.4287
7.404,-41.006,0.2584
7.807,-40.838,0.4296
8.449,-40.576,0.3821
9.102,-40.328,0.3758
9.741,-40.067,0.3743
10.466,-39.789,0.3789
10.967,-39.587,0.3772
11.403,-39.412,0.3818
12.144,-39.115,0.3811
12.618,-38.925,0.3805
12.901,-38.812,0.3738
13.218,-38.686,0.3695
13.865,-38.440,0.3665
14.188,-38.317,0.3639
14.506,-38.196,0.3649
15.321,-37.885,0.3614
15.640,-37.762,0.3614
16.606,-37.403,0.3572
17.093,-37.218,0.3569
17.904,-36.921,0.3562
18.408,-36.730,0.3566
19.060,-36.490,0.3613
19.560,-36.299,0.3588
19.886,-36.172,0.3602
20.541,-35.930,0.3564
21.030,-35.748,0.3553
21.338,-35.637,0.3569
21.988,-35.392,0.3566
22.483,-35.206,0.3585
22.968,-35.026,0.3545
23.294,-34.904,0.3519
23.747,-34.741,0.3604
24.539,-34.451,0.4274
24.926,-34.288,0.5275
25.329,-33.977,0.6149
26.056,-33.396,0.6486
26.282,-33.220,0.6111
26.752,-32.904,0.5253
27.089,-32.744,0.4881
27.557,-32.526,0.4374
27.830,-32.398,0.4333
28.617,-32.032,0.4279
29.112,-31.808,0.4267
29.916,-31.450,0.4230
30.399,-31.230,0.4211
31.045,-30.939,0.4245
31.394,-30.786,0.4244
32.396,-30.329,0.4248
32.716,-30.183,0.4252
33.397,-29.875,0.4228
34.055,-29.581,0.4232
34.541,-29.364,0.4246
35.036,-29.138,0.4244
35.821,-28.779,0.4248
36.611,-28.426,0.3852
37.072,-28.219,0.2448
37.468,-28.152,0.1310
38.399,-28.135,0.0801
38.896,-28.125,0.1613
39.240,-28.045,0.2757
40.111,-27.722,0.3368
40.965,-27.409,0.3484
41.783,-27.114,0.3466
42.783,-26.758,0.3461
43.467,-26.510,0.3428
43.965,-26.327,0.3431
44.473,-26.154,0.3182
45.073,-25.940,0.2633
45.346,-25.891,0.2604
45.972,-25.786,0.2609
46.286,-25.671,0.2897
46.957,-25.437,0.3400
47.446,-25.265,0.3367
47.948,-25.087,0.3382
48.277,-24.974,0.3348
48.950,-24.736,0.3342
49.590,-24.519,0.3349
49.915,-24.404,0.3325
50.748,-24.114,0.3319
51.038,-24.015,0.3290
51.714,-23.787,0.3290
52.361,-23.569,0.3294
53.012,-23.341,0.3293
53.516,-23.168,0.3299
54.292,-22.906,0.3262
54.627,-22.793,0.3241
54.963,-22.681,0.3225
55.775,-22.409,0.3668
56.228,-22.259,0.4070
56.746,-21.979,0.4418
57.334,-21.659,0.4632
57.866,-21.420,0.4448
58.184,-21.282,0.4132
58.498,-21.144,0.4085
59.147,-20.864,0.4072
59.460,-20.730,0.4074
59.786,-20.591,0.4065
60.588,-20.242,0.4072
61.068,-20.037,0.4073
61.711,-19.759,0.4065
62.403,-19.462,0.4034
62.718,-19.325,0.4013
63.521,-18.990,0.3998
64.155,-18.722,0.3975
64.625,-18.523,0.3982
65.114,-18.319,0.3972
65.387,-18.205,0.3950
66.031,-17.935,0.3940
66.508,-17.738,0.3952
67.154,-17.471,0.3958
67.468,-17.337,0.3950
67.797,-17.197,0.3955
68.607,-16.863,0.3933
69.415,-16.527,0.3906
69.900,-16.328,0.3891
70.233,-16.194,0.3842
70.558,-16.063,0.3839
71.364,-15.739,0.3837
72.336,-15.344,0.3806
72.668,-15.211,0.3802
73.150,-15.026,0.3754
74.129,-14.634,0.3751
74.455,-14.509,0.3770
75.276,-14.184,0.3707
75.597,-14.057,0.3719
75.930,-13.934,0.3700
76.752,-13.613,0.3660
77.238,-13.423,0.3687
77.575,-13.299,0.3663
78.381,-12.987,0.3643
78.869,-12.801,0.3661
79.690,-12.488,0.3637
80.014,-12.364,0.3600
80.346,-12.239,0.3601
81.170,-11.935,0.3587
81.456,-11.823,0.3606
81.945,-11.640,0.3641
82.417,-11.458,0.3614
83.088,-11.204,0.3614
83.752,-10.955,0.3572
84.072,-10.836,0.3581
84.719,-10.599,0.3599
85.036,-10.475,0.3607
85.522,-10.289,0.3649
85.851,-10.165,0.3599
86.347,-9.977,0.3543
86.830,-9.800,0.3533
87.474,-9.567,0.3502
87.806,-9.444,0.3509
88.781,-9.088,0.3534
89.278,-8.904,0.3519
89.773,-8.719,0.3548
90.268,-8.540,0.3515
90.592,-8.417,0.3480
90.933,-8.297,0.3467
91.256,-8.181,0.3414
91.915,-7.945,0.3404
92.244,-7.830,0.3396
93.056,-7.545,0.3376
93.724,-7.309,0.3399
94.217,-7.137,0.3441
94.546,-7.016,0.3445
95.364,-6.718,0.3452
96.023,-6.484,0.3437
96.353,-6.369,0.3406
97.016,-6.132,0.3372
97.345,-6.016,0.3373
97.834,-5.849,0.3605
98.620,-5.574,0.3968
99.008,-5.381,0.4198
99.777,-4.997,0.4380
100.198,-4.794,0.4221
100.892,-4.510,0.3990
101.373,-4.319,0.3841
101.691,-4.190,0.3844
102.014,-4.060,0.3868
102.338,-3.925,0.3867
102.819,-3.730,0.3831
103.297,-3.536,0.3809
103.984,-3.266,0.3800
104.306,-3.137,0.3783
104.629,-3.007,0.3781
105.116,-2.813,0.3782
105.434,-2.690,0.3756
105.753,-2.562,0.3746
106.072,-2.438,0.3756
106.403,-2.307,0.3737
106.882,-2.119,0.3710
107.199,-1.995,0.3695
107.527,-1.872,0.3691
108.009,-1.685,0.3675
108.322,-1.562,0.3676
109.124,-1.254,0.3659
109.781,-1.004,0.3644
110.744,-0.637,0.3632
111.536,-0.336,0.3632
111.860,-0.214,0.3625
112.173,-0.095,0.3631
112.669,0.093,0.3611
112.986,0.215,0.3601
113.311,0.334,0.3614
113.788,0.513,0.3591
114.272,0.699,0.3621
114.763,0.882,0.3629
115.407,1.128,0.3594
115.734,1.252,0.3578
116.697,1.610,0.3519
117.026,1.728,0.3488
117.989,2.076,0.3463
118.638,2.308,0.3476
118.953,2.424,0.3488
119.278,2.544,0.3495
119.606,2.664,0.3482
119.936,2.781,0.4262
120.394,2.947,0.4734
120.791,3.231,0.4737
121.078,3.418,0.4805
121.711,3.691,0.4316
122.299,3.940,0.4027
122.756,4.136,0.3998
123.238,4.338,0.3962
123.718,4.539,0.3975
124.044,4.670,0.3978
124.664,4.937,0.3974
125.487,5.283,0.3976
126.472,5.695,0.3953
126.951,5.891,0.3893
127.281,6.029,0.3837
127.949,6.293,0.3815
128.278,6.424,0.3801
128.970,6.701,0.3789
129.874,7.065,0.3800
130.699,7.388,0.3801
131.022,7.520,0.3796
131.513,7.717,0.3840
131.997,7.912,0.3838
132.496,8.114,0.3835
132.827,8.249,0.3814
133.156,8.380,0.3799
133.982,8.708,0.3765
134.309,8.838,0.3784
134.648,8.969,0.3752
135.314,9.238,0.3738
135.810,9.428,0.3737
136.305,9.621,0.3683
136.642,9.751,0.3684
137.294,10.002,0.3657
137.797,10.195,0.3612
138.781,10.569,0.3601
139.768,10.932,0.3573
140.582,11.240,0.3544
141.577,11.606,0.3548
141.911,11.727,0.3501
142.238,11.847,0.3500
142.576,11.968,0.3506
143.229,12.209,0.3499
143.560,12.330,0.3503
143.896,12.452,0.3447
144.229,12.572,0.3425
145.067,12.869,0.3410
145.397,12.985,0.3395
145.883,13.157,0.3384
146.214,13.273,0.3361
146.539,13.387,0.3354
146.874,13.501,0.3345
147.197,13.615,0.3336
148.018,13.900,0.3346
148.501,14.067,0.3781
149.250,14.327,0.4338
149.614,14.575,0.4499
150.002,14.819,0.4627
150.255,14.914,0.4012
150.918,15.159,0.3533
151.408,15.336,0.3535
151.735,15.458,0.3524
152.057,15.579,0.3539
152.563,15.764,0.3535
153.219,16.005,0.3548
153.548,16.127,0.3547
154.373,16.437,0.3541
155.036,16.680,0.3532
155.367,16.799,0.3497
156.187,17.100,0.3519
156.520,17.220,0.3468
157.171,17.464,0.3909
157.774,17.669,0.3913
158.257,17.953,0.3966
158.905,18.204,0.4094
159.380,18.389,0.3689
159.869,18.578,0.3683
160.197,18.703,0.3651
160.693,18.894,0.3635
161.188,19.080,0.3644
161.517,19.205,0.3622
161.846,19.332,0.3612
162.340,19.518,0.3573
162.673,19.641,0.3562
163.001,19.759,0.3550
163.327,19.883,0.3513
163.659,20.007,0.3504
163.991,20.124,0.3451
164.492,20.304,0.3444
164.982,20.478,0.3463
165.482,20.661,0.3465
165.978,20.841,0.3466
166.652,21.084,0.3450
167.147,21.260,0.3412
167.491,21.383,0.3401
168.152,21.613,0.3383
168.831,21.855,0.3825
169.668,22.147,0.4623
170.143,22.450,0.5020
170.532,22.799,0.5624
170.917,23.000,0.4943
171.237,23.136,0.4058
172.032,23.468,0.3889
172.857,23.798,0.3871
173.355,23.999,0.3845
174.019,24.270,0.3841
174.516,24.473,0.3827
174.846,24.602,0.3808
175.519,24.870,0.3781
175.850,25.003,0.3798
176.185,25.136,0.3761
176.517,25.269,0.3740
176.856,25.398,0.3738
177.180,25.525,0.3714
177.516,25.658,0.3711
178.014,25.852,0.3671
178.678,26.107,0.3648
179.172,26.291,0.3635
180.161,26.668,0.3618
180.656,26.857,0.3629
181.635,27.226,0.3597
182.298,27.478,0.3536
182.631,27.597,0.3487
183.639,27.958,0.3425
184.292,28.192,0.3422
185.105,28.479,0.3389
185.433,28.595,0.3360
186.090,28.822,0.3359
186.425,28.937,0.3346
187.419,29.287,0.3312
187.898,29.452,0.3512
188.853,29.772,0.3898
189.274,29.981,0.4074
190.060,30.372,0.4584
190.375,30.521,0.4590
190.841,30.753,0.4570
191.152,30.909,0.4594
191.620,31.139,0.4540
192.245,31.446,0.4499
192.720,31.670,0.4471
193.202,31.899,0.4440
193.520,32.050,0.4386
194.316,32.431,0.3886
194.662,32.581,0.3710
195.586,32.875,0.3236
195.913,32.981,0.3094
196.931,33.308,0.3106
197.246,33.407,0.3106
197.580,33.515,0.3082
197.913,33.623,0.3044
198.241,33.725,0.3048
198.745,33.878,0.3034
199.071,33.984,0.3048
199.408,34.091,0.3099
199.738,34.196,0.3027
200.072,34.303,0.3015
200.739,34.505,0.3033
201.402,34.711,0.3032
201.895,34.871,0.3058
202.217,34.974,0.3048
202.554,35.078,0.3420
203.096,35.244,0.3560
204.044,35.636,0.3734
204.519,35.830,0.3923
205.142,36.092,0.3913
205.467,36.225,0.3927
205.944,36.420,0.3885
206.267,36.554,0.3876
206.581,36.681,0.3883
207.221,36.941,0.3864
207.555,37.079,0.3855
208.007,37.262,0.3843
208.811,37.586,0.3831
209.444,37.840,0.3835
210.235,38.159,0.3835
210.562,38.293,0.3830
210.873,38.418,0.3798
211.668,38.736,0.3773
212.314,38.989,0.3758
213.113,39.304,0.3757
213.433,39.428,0.3757
214.074,39.685,0.3763
214.398,39.811,0.3763
214.882,40.003,0.3715
215.202,40.127,0.3723
215.532,40.253,0.3691
216.170,40.503,0.3699
216.813,40.750,0.3700
217.461,41.003,0.3694
218.100,41.249,0.3692
218.913,41.565,0.3665
219.237,41.688,0.3651
219.558,41.808,0.3612
219.874,41.927,0.3595
220.517,42.171,0.3597
220.980,42.343,0.3584
221.462,42.524,0.3574
222.250,42.817,0.3587
222.576,42.940,0.3578
223.063,43.124,0.3583
223.393,43.246,0.3605
223.716,43.366,0.3564
224.202,43.553,0.3546
224.833,43.783,0.3549
225.162,43.901,0.3513
225.637,44.078,0.3516
225.962,44.198,0.3532
226.283,44.315,0.3479
226.605,44.433,0.3473
227.578,44.782,0.3774
227.827,44.873,0.4218
228.185,45.069,0.4912
228.800,45.418,0.4912
229.427,45.771,0.4593
229.760,45.907,0.4261
230.403,46.166,0.3810
230.721,46.290,0.3783
231.197,46.480,0.3750
231.992,46.794,0.3718
232.321,46.921,0.3702
233.296,47.294,0.3680
234.091,47.603,0.3683
234.736,47.852,0.3709
235.057,47.977,0.3713
235.376,48.103,0.3708
236.017,48.353,0.3695
236.503,48.539,0.3672
236.823,48.661,0.3653
237.622,48.967,0.3652
238.101,49.150,0.3643
238.888,49.451,0.3630
239.372,49.633,0.3606
239.860,49.817,0.3594
240.501,50.055,0.3581
240.972,50.234,0.3585
241.459,50.414,0.3571
242.091,50.653,0.3563
243.058,51.009,0.3562
244.016,51.367,0.3537
244.340,51.486,0.3517
244.986,51.722,0.3479
245.464,51.892,0.3463
245.957,52.071,0.3457
246.435,52.242,0.3469
247.077,52.475,0.3445
247.406,52.594,0.3464
248.203,52.877,0.3449
249.003,53.169,0.3464
249.810,53.457,0.3477
250.121,53.574,0.3453
250.446,53.690,0.3487
250.927,53.861,0.3448
251.243,53.978,0.3454
251.725,54.150,0.3429
252.372,54.383,0.3409
252.854,54.549,0.3426
253.185,54.667,0.3397
253.996,54.960,0.3423
254.958,55.297,0.3425
255.450,55.474,0.3383
255.771,55.589,0.3381
256.088,55.696,0.3340
256.568,55.863,0.3316
256.894,55.975,0.3722
257.798,56.287,0.4365
258.227,56.531,0.4776
258.943,56.971,0.5353
259.568,57.359,0.5095
259.963,57.571,0.4551
260.341,57.712,0.3917
260.817,57.888,0.3532
261.132,58.005,0.3556
261.452,58.120,0.3539
261.768,58.242,0.3534
262.571,58.536,0.3552
263.062,58.717,0.3517
263.703,58.955,0.3483
264.030,59.072,0.3459
264.353,59.183,0.3425
265.293,59.521,0.3438
265.941,59.753,0.3447
266.591,59.989,0.3432
266.924,60.106,0.3423
267.722,60.389,0.3388
268.534,60.677,0.3403
268.864,60.790,0.3405
269.350,60.965,0.3433
270.144,61.247,0.3420
270.618,61.422,0.3415
271.257,61.642,0.3399
271.905,61.873,0.3345
272.225,61.983,0.3365
272.871,62.205,0.3364
273.673,62.487,0.3738
274.161,62.662,0.4364
274.555,62.897,0.4956
275.189,63.286,0.4959
275.423,63.433,0.4421
275.943,63.626,0.2872
276.245,63.697,0.2422
277.088,63.847,0.2178
277.346,63.908,0.2472
278.148,64.114,0.3527
278.595,64.290,0.4368
278.816,64.483,0.5475
279.098,64.726,0.4478
279.329,64.834,0.3735
280.354,65.135,0.3001
280.850,65.280,0.2836
281.347,65.422,0.2811
281.834,65.564,0.3466
282.633,65.793,0.4454
283.084,66.087,0.4678
283.465,66.433,0.4938
284.027,66.672,0.4544
284.840,66.981,0.3738
285.166,67.104,0.3675
285.823,67.358,0.3689
286.318,67.554,0.3687
286.643,67.678,0.3659
287.133,67.864,0.3585
287.462,67.986,0.3579
287.954,68.167,0.3638
288.592,68.407,0.3573
288.948,68.555,0.3536
289.487,68.742,0.3503
289.991,68.919,0.3401
290.322,69.039,0.3492
290.655,69.159,0.3535
291.525,69.484,0.8977
292.010,69.664,1.3163
291.589,70.628,1.7911
291.241,71.412,1.9943
290.952,72.043,2.0013
290.653,72.674,2.0102
290.290,73.457,2.0094
289.985,74.084,2.0066
289.623,74.876,1.9958
289.345,75.483,1.9655
289.220,75.821,1.9448
288.921,76.638,1.9263
288.680,77.279,1.9279
288.434,77.937,1.9296
288.309,78.263,1.9274
288.000,79.094,1.9289
287.879,79.429,1.9285
287.631,80.083,1.9272
287.509,80.403,1.9294
287.207,81.224,1.9268
286.966,81.865,1.9251
286.676,82.651,1.9234
286.511,83.101,1.9210
286.231,83.876,1.9206
285.901,84.781,1.9188
285.715,85.285,1.9177
285.446,86.037,1.9200
285.075,87.074,1.9172
284.744,87.958,1.9168
284.441,88.814,1.9172
284.119,89.718,1.9111
283.915,90.288,1.5923
283.502,91.466,1.3068
284.377,91.795,0.8533
284.709,91.901,0.3706
285.669,92.298,0.3764
286.475,92.621,0.3839
286.801,92.753,0.3816
287.615,93.075,0.3799
288.106,93.276,0.3795
288.774,93.539,0.3778
289.261,93.734,0.3749
290.097,94.060,0.3728
290.591,94.254,0.3737
291.410,94.570,0.3724
292.245,94.904,0.3709
293.064,95.219,0.3712
293.913,95.546,0.3666
294.763,95.875,0.3639
295.589,96.188,0.3633
296.267,96.439,0.3610
297.093,96.755,0.3611
297.769,97.010,0.3626
298.602,97.326,0.3598
299.280,97.582,0.3552
299.794,97.771,0.3500
300.136,97.888,0.3477
300.465,98.006,0.3468
301.308,98.317,0.3498
301.811,98.500,0.3503
302.650,98.805,0.3482
303.328,99.052,0.3439
303.829,99.232,0.3423
304.508,99.466,0.3392
304.839,99.585,0.3394
305.176,99.704,0.3459
305.514,99.827,0.3456
305.851,99.950,0.3456
306.175,100.066,0.3413
307.195,100.431,0.3385
307.530,100.543,0.3358
307.865,100.659,0.3343
308.705,100.949,0.3353
309.052,101.076,0.3498
310.067,101.427,0.4427
310.387,101.579,0.4998
310.996,102.035,0.5859
311.471,102.397,0.5449
311.717,102.522,0.4606
312.314,102.747,0.3736
312.820,102.940,0.3597
313.494,103.190,0.3587
313.834,103.318,0.3541
314.504,103.568,0.3567
315.179,103.812,0.3546
315.515,103.943,0.3502
316.192,104.191,0.3469
316.530,104.308,0.3429
317.555,104.671,0.3404
317.893,104.792,0.3409
318.397,104.972,0.3408
319.245,105.271,0.3414
319.757,105.452,0.3468
320.575,105.745,0.3629
320.851,105.859,0.3726
321.673,106.193,0.3837
322.525,106.534,0.3839
323.379,106.877,0.3833
323.720,107.018,0.3855
324.061,107.156,0.3889
324.578,107.367,0.3881
325.080,107.574,0.3889
325.591,107.783,0.3915
325.928,107.921,0.3928
326.436,108.134,0.3909
326.762,108.271,0.4077
327.064,108.390,0.4020
327.875,108.762,0.4060
328.548,109.032,0.4072
329.372,109.393,0.3906
329.707,109.530,0.5033
330.318,109.768,0.8696
330.348,110.023,1.4606
330.186,110.357,1.9501
329.872,111.021,2.0127
329.488,111.850,2.0111
329.105,112.650,2.0106
329.049,112.770,2.0160
