# 路線 B→C, 129.2 m  (x,y,yaw_rad)  來源 B_C_kf.csv KF 67-1518
-0.222,-0.514,-1.7709
-0.342,-1.119,-1.7715
-0.468,-1.727,-1.7750
-0.521,-1.984,-1.7788
-0.627,-2.470,-1.7800
-0.810,-3.336,-1.7796
-0.963,-4.058,-2.1711
-1.016,-4.320,-2.6721
-1.784,-4.160,3.0524
-2.231,-4.057,2.9039
-2.852,-3.889,2.8863
-3.464,-3.727,2.8781
-4.087,-3.559,2.8749
-4.689,-3.394,2.8735
-5.301,-3.220,2.8712
-5.907,-3.056,2.8676
-6.526,-2.883,2.8727
-7.137,-2.706,2.8703
-7.740,-2.548,2.8689
-8.355,-2.375,2.8691
-8.854,-2.232,2.8664
-9.467,-2.055,2.8624
-10.070,-1.890,2.8631
-10.542,-1.748,2.8628
-11.267,-1.542,2.8601
-11.867,-1.368,2.8613
-12.705,-1.128,2.8610
-13.189,-0.986,2.8610
-13.436,-0.917,2.8626
-14.039,-0.742,2.8612
-14.646,-0.572,2.8555
-15.241,-0.395,2.8540
-15.856,-0.205,2.8733
-16.135,-0.122,2.8900
-16.970,0.067,2.9087
-17.579,0.206,2.9148
-18.183,0.347,2.9103
-18.805,0.494,2.9074
-19.411,0.642,2.9039
-20.023,0.789,2.8995
-20.614,0.936,2.8980
-21.219,1.090,2.8963
-21.833,1.244,2.8946
-22.436,1.393,2.8956
-23.057,1.552,2.8926
-23.668,1.705,2.8894
-24.271,1.864,2.8883
-24.885,2.024,2.8864
-25.499,2.184,2.8892
-26.098,2.339,2.8896
-26.702,2.491,2.8913
-27.324,2.652,2.8926
-27.815,2.776,2.8890
-28.312,2.902,2.8903
-29.042,3.095,2.8876
-29.657,3.251,2.8865
-30.265,3.412,2.8839
-30.705,3.526,2.8820
-31.349,3.703,2.8795
-31.961,3.863,2.8780
-32.561,4.028,2.8780
-33.165,4.190,2.8745
-33.776,4.358,2.8751
-34.380,4.525,2.8751
-34.986,4.690,2.8747
-35.352,4.787,2.8914
-35.875,4.932,2.9215
-36.172,4.983,2.9402
-36.796,5.095,2.9644
-37.414,5.208,2.9627
-38.030,5.318,2.9635
-38.395,5.385,2.9600
-39.007,5.493,2.9248
-39.288,5.552,2.9061
-40.019,5.756,2.8790
-40.641,5.924,2.8693
-41.087,6.052,2.8697
-41.677,6.219,2.8645
-42.279,6.386,2.8677
-42.874,6.559,2.8641
-43.482,6.725,2.8617
-44.078,6.903,2.8614
-44.676,7.075,2.8591
-45.393,7.284,2.8602
-45.759,7.386,2.8626
-46.361,7.563,2.8665
-46.840,7.695,2.8658
-47.207,7.796,2.8673
-47.575,7.900,2.8636
-48.184,8.076,2.8740
-48.799,8.254,2.8932
-49.184,8.338,2.9119
-49.795,8.463,2.9325
-50.292,8.569,2.9323
-50.910,8.702,2.9317
-51.402,8.809,2.9329
-52.015,8.936,2.9336
-52.634,9.065,2.9343
-53.255,9.197,2.9337
-53.865,9.327,2.9325
-54.485,9.457,2.9328
-55.103,9.589,2.9282
-55.601,9.694,2.9258
-56.223,9.838,2.9250
-56.720,9.947,2.9218
-57.343,10.082,2.9249
-57.964,10.222,2.9232
-58.581,10.357,2.9179
-59.203,10.498,2.9161
-59.827,10.647,2.9116
-60.453,10.793,2.9079
-61.080,10.942,2.9098
-61.673,11.086,2.9085
-62.318,11.235,2.9080
-62.938,11.383,2.9100
-63.547,11.529,2.9049
-64.179,11.677,2.9055
-64.801,11.834,2.9054
-65.419,11.980,2.9039
-65.782,12.067,2.9056
-66.408,12.217,2.9048
-67.034,12.371,2.9030
-67.669,12.523,2.9030
-68.306,12.681,2.9032
-68.936,12.832,2.9038
-69.684,13.015,2.9052
-70.326,13.167,2.9053
-70.955,13.319,2.9030
-71.561,13.464,2.9002
-72.176,13.621,2.8996
-72.804,13.777,2.8994
-73.438,13.932,2.9000
-74.054,14.080,2.9003
-74.680,14.238,2.8984
-75.181,14.362,2.8958
-75.788,14.515,2.8963
-76.410,14.671,2.8936
-77.017,14.823,2.8928
-77.618,14.979,2.8921
-78.224,15.134,2.8878
-78.839,15.290,2.8881
-79.450,15.454,2.8865
-80.061,15.612,2.8852
-80.651,15.767,2.8874
-81.269,15.927,2.8888
-81.894,16.089,2.8904
-82.508,16.244,2.8909
-83.122,16.401,2.8913
-83.741,16.560,2.8875
-84.354,16.718,2.8857
-84.965,16.882,2.8839
-85.564,17.040,2.8811
-86.166,17.199,2.8811
-86.781,17.365,2.8806
-87.389,17.528,2.8790
-87.998,17.690,2.8790
-88.618,17.858,2.8792
-89.218,18.020,2.8759
-89.843,18.187,2.8759
-90.445,18.356,2.8752
-91.047,18.519,2.8737
-91.659,18.686,2.8749
-92.258,18.850,2.8728
-92.864,19.017,2.8715
-93.468,19.186,2.8716
-93.967,19.325,2.8731
-94.704,19.527,2.8690
-95.306,19.689,2.8676
-95.911,19.869,2.8682
-96.511,20.040,2.8641
-97.118,20.204,2.8662
-97.725,20.378,2.8684
-98.332,20.553,2.8640
-98.674,20.646,2.8659
-99.283,20.821,2.8686
-99.885,20.989,2.8677
-100.150,21.062,2.8681
-100.753,21.230,2.8676
-101.358,21.403,2.8645
-101.966,21.574,2.8629
-102.569,21.750,2.8631
-102.843,21.828,2.8622
-103.093,21.899,2.8627
-103.702,22.072,2.8606
-104.130,22.197,2.8579
-104.433,22.287,2.8545
-104.849,22.411,2.8543
-105.595,22.631,2.8550
-106.201,22.809,2.8679
-106.462,22.885,2.9247
-106.737,22.941,2.9797
-107.347,23.017,3.0064
-107.970,23.098,3.0157
-108.601,23.176,2.9965
-109.210,23.254,2.9670
-109.613,23.348,2.9359
-110.238,23.498,2.9057
-110.844,23.644,2.9046
-111.457,23.794,2.9045
-112.072,23.942,2.9040
-112.688,24.090,2.9057
-113.305,24.240,2.9058
-113.920,24.386,2.9062
-114.532,24.533,2.9045
-115.148,24.680,2.9027
-115.771,24.836,2.9006
-116.380,24.985,2.8990
-116.990,25.137,2.8994
-117.354,25.226,2.8983
-117.605,25.289,2.8994
-118.213,25.440,2.4129
-118.605,25.536,1.9588
-118.360,26.124,1.4787
-118.196,26.735,1.2789
-118.037,27.346,1.3091
-117.879,27.952,1.3092
-117.722,28.506,1.3055
-117.633,28.838,1.3010
-117.498,29.330,1.3054
