# 路線 B→A, 167.4 m  (x,y,yaw_rad)  來源 B_A_kf.csv KF 77-1769
-0.106,-0.581,-1.7696
-0.223,-1.192,-1.7693
-0.325,-1.668,-1.7720
-0.375,-1.918,-1.7802
-0.478,-2.405,-1.7795
-0.584,-2.891,-1.7791
-0.691,-3.396,-1.7784
-0.763,-3.754,-1.7740
-0.843,-4.138,-1.1230
-0.906,-4.454,-0.6212
-0.143,-4.537,-0.3148
0.500,-4.658,-0.1665
1.135,-4.782,-0.1905
1.759,-4.902,-0.1930
2.383,-5.024,-0.1917
3.002,-5.147,-0.1899
3.366,-5.215,-0.1901
3.991,-5.331,-0.1888
4.602,-5.451,-0.2290
4.954,-5.520,-0.2629
5.773,-5.776,-0.2917
6.384,-5.975,-0.3074
6.993,-6.169,-0.3073
7.594,-6.358,-0.3077
8.212,-6.550,-0.3079
8.813,-6.747,-0.3076
9.411,-6.938,-0.3119
10.030,-7.132,-0.3097
10.634,-7.331,-0.3088
11.241,-7.524,-0.3116
11.850,-7.716,-0.3097
12.473,-7.919,-0.3136
13.078,-8.113,-0.3166
13.689,-8.318,-0.3008
13.990,-8.417,-0.2761
14.336,-8.497,-0.2491
14.959,-8.646,-0.2328
15.454,-8.767,-0.2339
16.065,-8.909,-0.2342
16.686,-9.057,-0.2359
17.306,-9.206,-0.2410
17.908,-9.357,-0.2451
18.518,-9.512,-0.2491
19.153,-9.674,-0.2483
19.759,-9.830,-0.2484
20.381,-9.984,-0.2453
20.998,-10.141,-0.2456
21.698,-10.311,-0.2491
22.312,-10.470,-0.2487
22.928,-10.632,-0.2534
23.550,-10.789,-0.2542
24.165,-10.950,-0.2523
24.775,-11.110,-0.2529
25.395,-11.268,-0.2534
26.015,-11.426,-0.2544
26.625,-11.587,-0.2546
27.252,-11.754,-0.2574
27.885,-11.916,-0.2548
28.515,-12.084,-0.2540
29.132,-12.240,-0.2546
29.756,-12.404,-0.2559
30.375,-12.564,-0.2600
30.996,-12.733,-0.2629
31.617,-12.901,-0.2640
32.234,-13.071,-0.2647
32.865,-13.237,-0.2657
33.490,-13.409,-0.2677
34.116,-13.581,-0.2701
34.746,-13.760,-0.2742
35.368,-13.930,-0.2788
35.993,-14.113,-0.2779
36.607,-14.294,-0.2799
37.245,-14.473,-0.2769
37.883,-14.653,-0.2760
38.512,-14.829,-0.2756
39.149,-15.014,-0.2761
39.791,-15.193,-0.2779
40.421,-15.372,-0.2788
41.046,-15.552,-0.2836
41.668,-15.735,-0.2862
42.292,-15.922,-0.2801
42.837,-16.083,-0.2670
43.139,-16.154,-0.2533
43.774,-16.311,-0.2383
44.417,-16.472,-0.2417
45.052,-16.621,-0.2445
45.686,-16.782,-0.2477
46.315,-16.945,-0.2534
46.952,-17.113,-0.2548
47.589,-17.278,-0.2558
48.216,-17.441,-0.2561
48.854,-17.609,-0.2601
49.484,-17.776,-0.2619
50.099,-17.946,-0.2633
50.730,-18.115,-0.2642
51.347,-18.281,-0.2626
51.975,-18.450,-0.2625
52.591,-18.616,-0.2648
53.235,-18.788,-0.2645
53.844,-18.958,-0.2654
54.460,-19.123,-0.2704
55.085,-19.294,-0.2704
55.703,-19.472,-0.2707
56.315,-19.643,-0.2670
56.939,-19.811,-0.2616
57.575,-19.975,-0.2580
58.191,-20.138,-0.2553
58.812,-20.302,-0.2521
59.441,-20.464,-0.2517
60.079,-20.620,-0.2500
60.703,-20.784,-0.2370
61.048,-20.873,-0.2325
61.838,-21.043,-0.2196
62.478,-21.188,-0.2131
63.109,-21.321,-0.2117
63.742,-21.456,-0.2097
64.374,-21.588,-0.2077
65.001,-21.725,-0.2081
65.619,-21.850,-0.2084
66.247,-21.985,-0.2094
66.866,-22.115,-0.2125
67.500,-22.256,-0.2102
68.127,-22.391,-0.2113
68.759,-22.521,-0.2104
69.388,-22.656,-0.2120
70.010,-22.792,-0.2162
70.636,-22.931,-0.2167
71.249,-23.068,-0.2174
71.873,-23.203,-0.2902
72.265,-23.290,-0.3634
72.886,-23.603,-0.4383
73.450,-23.905,-0.4857
74.015,-24.207,-0.4898
74.565,-24.504,-0.4901
75.133,-24.801,-0.4801
75.617,-25.061,-0.4156
75.966,-25.223,-0.3336
76.346,-25.290,-0.2767
76.778,-25.371,-0.2609
77.244,-25.523,-0.2908
77.861,-25.729,-0.3182
78.458,-25.922,-0.3182
79.076,-26.128,-0.3201
79.685,-26.327,-0.3209
80.295,-26.536,-0.3221
80.898,-26.733,-0.3261
81.512,-26.941,-0.3240
82.113,-27.148,-0.3274
82.731,-27.354,-0.3259
83.336,-27.561,-0.3259
83.953,-27.766,-0.3040
84.539,-27.968,-0.2511
84.793,-28.001,-0.1450
85.063,-28.004,-0.0396
85.727,-28.025,-0.0228
86.381,-28.041,-0.0226
87.029,-28.052,-0.0223
87.675,-28.063,-0.0258
88.330,-28.083,-0.0321
88.982,-28.108,-0.0952
89.610,-28.135,-0.1424
90.481,-28.331,-0.1887
91.113,-28.482,-0.2289
91.736,-28.634,-0.2341
92.365,-28.777,-0.2340
93.001,-28.932,-0.2359
93.622,-29.080,-0.2383
94.245,-29.237,-0.2395
94.868,-29.385,-0.2430
95.495,-29.541,-0.2427
96.127,-29.701,-0.2480
96.745,-29.856,-0.2523
97.372,-30.019,-0.2549
97.989,-30.184,-0.2603
98.602,-30.346,-0.2656
99.212,-30.513,-0.2678
99.820,-30.685,-0.2690
100.445,-30.858,-0.2713
101.076,-31.028,-0.2705
101.696,-31.204,-0.2684
102.330,-31.381,-0.2673
102.950,-31.547,-0.2653
103.577,-31.713,-0.2657
104.221,-31.890,-0.2664
104.814,-32.057,-0.2742
105.431,-32.224,-0.2750
106.051,-32.409,-0.2763
106.688,-32.586,-0.2819
107.184,-32.729,-0.2816
107.434,-32.804,-0.9539
107.790,-32.912,-1.4448
107.471,-33.690,-1.6890
107.358,-34.103,-1.8728
107.209,-34.698,-1.8362
107.039,-35.323,-1.8351
106.851,-35.971,-1.8421
106.681,-36.605,-1.8447
106.507,-37.222,-1.8437
106.324,-37.868,-1.8535
106.143,-38.501,-1.8547
105.911,-39.256,-1.8390
105.731,-39.881,-1.8280
105.534,-40.742,-1.8133
105.392,-41.356,-1.8027
105.233,-41.997,-1.8106
105.081,-42.633,-1.8136
104.917,-43.265,-1.8160
104.765,-43.887,-1.8268
104.663,-44.275,-1.8240
104.488,-44.899,-1.8360
104.327,-45.545,-1.8375
104.152,-46.144,-1.8315
103.980,-46.775,-1.8407
103.817,-47.414,-1.8373
103.636,-48.043,-1.8362
103.497,-48.543,-1.8493
103.395,-48.927,-1.8518
103.168,-49.684,-1.8517
102.979,-50.319,-1.8585
102.801,-50.955,-1.8581
102.617,-51.556,-1.8558
102.541,-51.806,-1.8680
102.361,-52.428,-1.8703
102.155,-53.064,-1.8712
101.959,-53.687,-1.8483
101.835,-54.085,-1.8288
101.637,-54.970,-1.8050
101.485,-55.603,-1.7933
101.350,-56.240,-1.7937
101.203,-56.878,-1.7872
101.120,-57.251,-1.7976
101.068,-57.500,-1.7973
100.941,-58.012,-1.8061
100.803,-58.614,-1.8100
100.640,-59.253,-1.8081
100.485,-59.891,-1.8150
100.336,-60.513,-1.8142
100.167,-61.166,-1.8136
100.007,-61.802,-1.8133
99.848,-62.463,-1.8121
99.700,-63.084,-1.8110
99.571,-63.588,-1.8133
99.406,-64.256,-1.8164
99.250,-64.880,-1.8183
99.090,-65.518,-1.8263
98.927,-66.137,-1.8304
98.753,-66.756,-1.8363
98.569,-67.444,-1.8440
98.433,-67.934,-1.8408
98.246,-68.567,-1.8436
98.082,-69.180,-1.8426
97.903,-69.824,-1.8457
97.707,-70.539,-1.8535
97.594,-70.879,-1.8574
97.438,-71.397,-1.8584
97.368,-71.639,-1.8461
97.190,-72.287,-1.8578
97.124,-72.543,-1.8592
96.913,-73.176,-1.8737
96.690,-73.924,-1.8763
96.486,-74.540,-2.1093
96.344,-75.016,-2.6875
95.882,-74.902,-3.1362
95.090,-74.705,2.9011
94.441,-74.551,2.8831
93.897,-74.416,2.8286
93.654,-74.313,2.8059
93.063,-74.049,2.8122
92.658,-73.929,2.8428
92.016,-73.773,2.8923
91.394,-73.617,2.9054
91.115,-73.553,2.9090
90.759,-73.472,2.9128
90.251,-73.355,2.9091
89.994,-73.291,2.9066
89.489,-73.168,2.9009
