# D→C 整合座標 (x,y,yaw_rad)；由 merge_site_map.py 從 routes_D_C 配準而來
330.888,111.557,-1.2303
331.182,110.730,-1.7403
331.282,110.446,-1.9950
330.628,110.040,-2.5216
330.088,109.786,-2.6774
329.487,109.520,-2.7157
328.895,109.251,-2.7187
328.308,108.987,-2.7179
327.710,108.716,-2.7217
327.111,108.449,-2.7206
326.503,108.183,-2.7225
325.929,107.922,-2.7234
325.326,107.654,-2.7451
324.733,107.391,-2.7682
323.930,107.106,-2.7883
323.308,106.895,-2.8081
322.702,106.687,-2.8141
322.078,106.472,-2.8101
321.465,106.269,-2.8136
320.858,106.052,-2.8172
320.229,105.845,-2.8133
319.633,105.650,-2.8159
319.018,105.435,-2.8180
318.412,105.226,-2.8160
317.800,105.031,-2.8193
317.188,104.824,-2.8217
316.582,104.622,-2.8174
315.966,104.416,-2.8196
315.367,104.213,-2.8195
314.758,104.014,-2.8215
314.138,103.806,-2.8225
313.544,103.613,-2.8224
312.929,103.408,-2.8243
312.318,103.207,-2.8241
311.686,103.001,-2.8268
311.080,102.803,-2.8285
310.458,102.603,-2.8280
309.856,102.410,-2.8320
309.249,102.211,-2.8311
308.628,102.019,-2.8306
308.016,101.820,-2.8341
307.413,101.625,-2.8343
306.801,101.434,-2.8385
306.188,101.245,-2.8377
305.579,101.057,-2.8387
304.972,100.860,-2.8299
304.574,100.738,-2.8161
304.300,100.636,-2.8097
303.969,100.514,-2.7970
303.345,100.299,-2.7977
302.738,100.079,-2.7989
302.128,99.858,-2.7964
301.526,99.643,-2.7968
300.920,99.427,-2.7957
300.308,99.206,-2.7975
299.708,98.986,-2.7943
299.110,98.777,-2.7966
298.502,98.552,-2.7991
297.910,98.344,-2.7971
297.305,98.130,-2.8004
296.706,97.914,-2.8032
296.114,97.704,-2.8070
295.505,97.498,-2.8088
294.908,97.296,-2.8134
294.295,97.081,-2.8088
293.689,96.879,-2.8044
293.271,96.726,-2.7593
292.613,96.492,-2.6713
292.257,96.262,-2.6426
291.676,95.855,-2.6470
291.356,95.682,-2.7082
290.701,95.461,-2.7953
290.106,95.266,-2.8194
289.442,95.049,-2.8221
288.888,94.858,-2.8035
288.492,94.730,-2.7818
288.161,94.582,-2.7778
287.875,94.460,-2.2735
287.244,94.232,-1.8483
287.419,93.463,-1.5390
287.677,92.884,-1.2217
287.944,92.298,-1.1797
288.090,91.906,-1.2001
288.313,91.293,-1.2243
288.528,90.694,-1.2269
288.745,90.079,-1.2270
288.962,89.472,-1.2271
289.178,88.879,-1.2284
289.388,88.289,-1.2297
289.598,87.686,-1.2307
289.811,87.081,-1.2328
290.029,86.473,-1.2331
290.239,85.868,-1.2330
290.451,85.258,-1.2346
290.670,84.635,-1.2358
290.879,84.042,-1.2347
291.086,83.436,-1.2351
291.303,82.818,-1.2387
291.518,82.203,-1.2378
291.723,81.594,-1.2432
291.931,80.992,-1.2459
292.136,80.366,-1.2459
292.344,79.750,-1.2496
292.554,79.125,-1.2501
292.756,78.514,-1.2535
292.953,77.907,-1.2570
293.153,77.287,-1.2528
293.347,76.683,-1.2507
293.557,76.079,-1.2485
293.762,75.468,-1.2432
293.962,74.865,-1.2433
294.070,74.556,-1.2428
294.282,73.946,-1.2487
294.482,73.351,-1.2543
294.629,72.868,-1.2727
294.708,72.606,-1.2821
294.878,72.006,-1.8239
294.974,71.695,-2.2080
294.256,71.427,-2.6156
293.658,71.187,-2.7705
293.048,70.943,-2.7692
292.447,70.712,-2.7618
291.820,70.476,-2.7592
291.238,70.221,-2.7560
290.868,70.067,-2.7525
290.394,69.879,-2.7689
289.803,69.649,-2.7732
289.210,69.428,-2.7750
288.611,69.195,-2.7773
288.001,68.960,-2.7745
287.402,68.733,-2.7750
286.794,68.499,-2.7773
286.193,68.267,-2.7767
285.607,68.047,-2.7777
285.127,67.864,-2.7786
284.532,67.638,-2.7778
283.926,67.406,-2.7766
283.293,67.167,-2.7781
282.704,66.939,-2.7802
282.101,66.713,-2.7828
281.633,66.540,-2.7844
281.046,66.324,-2.7827
280.449,66.097,-2.7840
279.859,65.872,-2.7835
279.256,65.652,-2.7868
278.658,65.430,-2.7893
278.062,65.213,-2.7873
277.707,65.081,-2.7886
277.115,64.860,-2.7881
276.517,64.641,-2.7909
275.930,64.426,-2.7940
275.333,64.213,-2.7956
274.726,63.994,-2.7988
274.127,63.780,-2.8003
273.538,63.573,-2.8015
272.943,63.364,-2.8048
272.354,63.155,-2.8046
271.758,62.950,-2.8041
271.173,62.744,-2.8052
270.568,62.531,-2.8027
269.974,62.323,-2.8045
269.380,62.112,-2.8100
269.024,61.991,-2.8101
268.305,61.751,-2.8135
267.713,61.545,-2.8132
267.357,61.423,-2.8069
266.515,61.136,-2.8068
265.934,60.927,-2.8066
265.349,60.722,-2.8064
264.749,60.515,-2.8093
264.143,60.310,-2.8140
263.552,60.105,-2.8153
262.951,59.908,-2.8108
262.359,59.707,-2.8134
261.772,59.496,-2.8117
261.173,59.295,-2.8119
260.579,59.095,-2.8159
259.987,58.895,-2.8148
259.383,58.689,-2.8147
258.781,58.484,-2.7991
258.212,58.293,-2.7788
257.882,58.145,-2.7574
257.308,57.902,-2.7360
256.739,57.659,-2.7395
256.149,57.407,-2.7392
255.555,57.155,-2.7399
254.983,56.912,-2.7401
254.392,56.662,-2.7406
253.812,56.415,-2.7396
253.232,56.171,-2.7428
252.651,55.920,-2.7440
252.071,55.684,-2.7447
251.509,55.448,-2.7484
250.927,55.204,-2.7470
250.348,54.965,-2.7491
249.770,54.726,-2.7500
249.204,54.493,-2.7504
248.619,54.251,-2.7506
248.046,54.016,-2.7506
247.465,53.776,-2.7522
246.876,53.534,-2.7529
246.295,53.298,-2.7552
245.704,53.057,-2.7540
245.113,52.819,-2.7535
244.519,52.572,-2.7514
243.919,52.327,-2.7526
243.339,52.084,-2.7543
242.755,51.852,-2.7568
242.159,51.610,-2.7610
241.573,51.377,-2.7602
240.974,51.138,-2.7591
240.376,50.898,-2.7540
239.796,50.659,-2.7516
239.208,50.411,-2.7494
238.619,50.170,-2.7504
238.032,49.929,-2.7522
237.447,49.690,-2.7514
236.861,49.448,-2.7527
236.284,49.210,-2.7526
235.687,48.968,-2.7549
235.090,48.724,-2.7573
234.501,48.487,-2.7585
233.921,48.254,-2.7615
233.321,48.015,-2.7650
232.752,47.790,-2.7696
232.093,47.535,-2.7727
231.501,47.310,-2.7751
230.912,47.083,-2.7748
230.336,46.863,-2.7724
229.746,46.633,-2.7688
229.159,46.404,-2.7693
228.574,46.169,-2.7696
227.983,45.944,-2.7715
227.396,45.716,-2.7770
226.799,45.488,-2.7761
226.211,45.267,-2.7781
225.622,45.041,-2.7766
225.031,44.817,-2.7748
224.676,44.677,-2.7763
224.322,44.542,-2.7751
223.725,44.315,-2.4984
223.486,44.224,-1.8655
223.565,43.844,-1.3557
223.878,43.079,-1.2070
224.123,42.493,-1.1801
224.367,41.910,-1.1783
224.560,41.428,-1.1821
224.707,41.077,-1.1848
224.847,40.725,-1.1819
224.897,40.607,-1.1866
