# D→A 整合座標 (x,y,yaw_rad)；由 merge_site_map.py 從 routes_D_A 配準而來
328.790,110.994,-1.2269
329.081,110.177,-1.7383
329.306,109.553,-2.0416
328.504,109.302,-2.5611
327.829,109.106,-2.8476
327.134,108.900,-2.8408
326.841,108.807,-2.8251
326.337,108.630,-2.8134
325.636,108.388,-2.8115
325.018,108.180,-2.8160
324.728,108.083,-2.8159
323.844,107.788,-2.8169
323.140,107.545,-2.8180
322.441,107.312,-2.8173
321.740,107.081,-2.8080
321.490,106.997,-2.7791
321.188,106.869,-2.7490
320.525,106.586,-2.7405
319.818,106.285,-2.7439
319.333,106.082,-2.7457
319.095,105.990,-2.7472
318.412,105.703,-2.7471
317.733,105.418,-2.7439
317.050,105.132,-2.7448
316.351,104.837,-2.7478
315.659,104.549,-2.7493
314.982,104.275,-2.7504
314.285,103.988,-2.7537
313.627,103.713,-2.7525
312.948,103.442,-2.7529
312.281,103.167,-2.7561
311.612,102.894,-2.7588
310.937,102.622,-2.7611
310.218,102.342,-2.7649
309.537,102.070,-2.7666
308.834,101.795,-2.7656
308.148,101.525,-2.7680
307.456,101.252,-2.7692
306.770,100.986,-2.7715
306.088,100.723,-2.7743
305.398,100.458,-2.7754
304.682,100.185,-2.7753
304.000,99.923,-2.7773
303.304,99.655,-2.7797
302.614,99.397,-2.7809
301.909,99.135,-2.7825
301.199,98.867,-2.7819
300.504,98.604,-2.7815
299.809,98.342,-2.7830
299.114,98.083,-2.7836
298.424,97.827,-2.7865
297.723,97.564,-2.7849
297.034,97.313,-2.7850
296.348,97.052,-2.7859
295.642,96.790,-2.7847
294.943,96.531,-2.7880
294.261,96.279,-2.7908
293.558,96.023,-2.7930
292.864,95.774,-2.7964
292.162,95.521,-2.7963
291.474,95.277,-2.7951
290.776,95.022,-2.7940
290.081,94.770,-2.7927
289.391,94.517,-2.7936
288.688,94.264,-2.7949
287.974,94.006,-2.8009
287.296,93.763,-2.8048
286.866,93.622,-2.3937
286.038,93.336,-1.9203
286.273,92.428,-1.5825
286.556,91.733,-1.2228
286.835,91.048,-1.1855
287.123,90.344,-1.1872
287.399,89.651,-1.1853
287.672,88.967,-1.1861
287.958,88.281,-1.1863
288.178,87.739,-1.1880
288.452,87.048,-1.1908
288.722,86.360,-1.1944
289.005,85.660,-1.1915
289.271,84.972,-1.1889
289.553,84.286,-1.1892
289.830,83.599,-1.1882
290.106,82.913,-1.1919
290.379,82.218,-1.1935
290.649,81.533,-1.1951
290.923,80.840,-1.1963
291.196,80.150,-1.1970
291.469,79.444,-1.1998
291.743,78.745,-1.2016
292.009,78.048,-1.2045
292.280,77.349,-1.2072
292.537,76.661,-1.2054
292.803,75.958,-1.2031
293.081,75.247,-1.1982
293.249,74.832,-1.1983
293.525,74.132,-1.2006
293.792,73.427,-1.2038
294.048,72.753,-1.2062
294.157,72.470,-1.2090
294.263,72.199,-1.7557
294.513,71.523,-2.1831
293.745,71.130,-2.4354
293.043,70.885,-2.7606
292.487,70.685,-2.8057
292.062,70.541,-2.8082
291.342,70.292,-2.8050
290.762,70.095,-2.8011
290.182,69.879,-2.7934
289.771,69.730,-2.7872
289.062,69.464,-2.7893
288.344,69.200,-2.7907
287.663,68.953,-2.7941
286.961,68.701,-2.7965
286.257,68.449,-2.7981
285.550,68.196,-2.8009
284.844,67.944,-2.8029
284.160,67.708,-2.8033
283.602,67.514,-2.8066
283.182,67.363,-2.8026
282.901,67.268,-2.8010
282.077,66.974,-2.8057
281.391,66.730,-2.8039
280.689,66.493,-2.8075
280.272,66.345,-2.8114
279.579,66.107,-2.7895
279.119,65.952,-2.7795
278.278,65.607,-2.7654
277.581,65.326,-2.7561
276.899,65.049,-2.7570
276.629,64.941,-2.7565
276.361,64.831,-2.7583
275.821,64.612,-2.7556
275.294,64.401,-2.7567
274.522,64.085,-2.7586
273.986,63.869,-2.7596
273.374,63.627,-2.7638
272.693,63.357,-2.7632
272.145,63.142,-2.7642
271.474,62.871,-2.7640
271.068,62.712,-2.7654
270.382,62.440,-2.7668
270.115,62.340,-2.7666
269.437,62.070,-2.7683
268.621,61.749,-2.7677
267.943,61.486,-2.7683
267.264,61.222,-2.7696
266.996,61.114,-2.7699
266.721,61.008,-2.7712
266.175,60.796,-2.7782
265.900,60.692,-2.7795
265.227,60.441,-2.7799
264.811,60.285,-2.7780
264.538,60.177,-2.7754
264.265,60.071,-2.7732
263.583,59.811,-2.7745
262.915,59.553,-2.7756
262.383,59.348,-2.7765
261.980,59.195,-2.7764
261.449,58.995,-2.7809
260.908,58.786,-2.7799
260.102,58.488,-2.7810
259.425,58.228,-2.7854
258.736,57.972,-2.7832
258.060,57.726,-2.7860
257.791,57.623,-2.7843
257.259,57.424,-2.7829
256.591,57.172,-2.7842
255.909,56.920,-2.7863
255.227,56.665,-2.7892
254.956,56.570,-2.7872
254.285,56.324,-2.7788
254.016,56.220,-2.7699
253.347,55.952,-2.7627
252.543,55.629,-2.7620
251.884,55.368,-2.7622
251.613,55.261,-2.7643
251.208,55.099,-2.7647
250.542,54.836,-2.7666
250.279,54.733,-2.7685
249.622,54.477,-2.7702
248.963,54.221,-2.7710
248.310,53.967,-2.7727
247.644,53.709,-2.7744
247.116,53.509,-2.7742
246.307,53.199,-2.7758
245.646,52.942,-2.7789
244.974,52.687,-2.7800
244.292,52.437,-2.7807
243.622,52.184,-2.7825
243.226,52.029,-2.7800
242.962,51.932,-2.7794
242.434,51.734,-2.7826
241.762,51.479,-2.7818
241.494,51.379,-2.7839
240.686,51.076,-2.7829
240.138,50.876,-2.7835
239.869,50.770,-2.7835
239.203,50.522,-2.7825
238.526,50.267,-2.7888
237.859,50.021,-2.7897
237.206,49.789,-2.7934
236.677,49.594,-2.7966
236.009,49.354,-2.7964
235.183,49.059,-2.8004
234.642,48.868,-2.8032
234.092,48.677,-2.8048
233.406,48.438,-2.8043
232.866,48.248,-2.8029
232.596,48.150,-2.8031
231.912,47.909,-2.8016
231.233,47.673,-2.8034
230.693,47.479,-2.8032
230.026,47.246,-2.8027
229.618,47.102,-2.8041
229.346,47.008,-2.8032
228.675,46.772,-2.8050
228.010,46.537,-2.8065
227.484,46.355,-2.8077
226.791,46.118,-2.7776
226.423,45.990,-2.7517
225.732,45.669,-2.7205
225.088,45.371,-2.7048
224.433,45.062,-2.7047
223.786,44.760,-2.7056
223.137,44.457,-2.7089
222.498,44.164,-2.7110
221.845,43.867,-2.7130
221.197,43.570,-2.7155
220.683,43.337,-2.7140
220.162,43.104,-2.7107
219.521,42.808,-2.7092
218.882,42.506,-2.7053
218.228,42.204,-2.7061
217.586,41.903,-2.7117
216.932,41.604,-2.7264
216.576,41.449,-2.7545
216.088,41.261,-2.7788
215.422,41.021,-2.7875
214.754,40.778,-2.7916
214.076,40.525,-2.7898
213.402,40.280,-2.7902
212.732,40.034,-2.7945
212.054,39.788,-2.7937
211.372,39.547,-2.7936
210.697,39.299,-2.7934
210.020,39.050,-2.7915
209.343,38.804,-2.7920
208.926,38.654,-2.7946
208.092,38.350,-2.7969
207.402,38.104,-2.7968
207.123,38.007,-2.7846
206.416,37.753,-2.7432
206.150,37.626,-2.7144
205.786,37.423,-2.6491
205.525,37.280,-2.6375
205.006,36.997,-2.6372
204.756,36.857,-2.6405
204.502,36.715,-2.6434
203.865,36.370,-2.6658
203.609,36.237,-2.6831
202.971,35.937,-2.7114
202.294,35.625,-2.7371
201.814,35.429,-2.7593
201.110,35.167,-2.7794
200.419,34.911,-2.7869
199.726,34.652,-2.7869
199.021,34.395,-2.7875
198.331,34.138,-2.7883
197.919,33.987,-2.7867
197.203,33.722,-2.7898
196.526,33.470,-2.7927
196.128,33.329,-2.7928
195.433,33.083,-2.7966
194.729,32.823,-2.7955
194.017,32.569,-2.7942
193.323,32.318,-2.7970
192.641,32.072,-2.7977
192.215,31.920,-2.7938
191.535,31.680,-2.7927
190.855,31.423,-2.7922
190.180,31.177,-2.7921
189.495,30.929,-2.7974
188.814,30.689,-2.7976
188.121,30.443,-2.8004
187.563,30.240,-2.8034
186.871,29.998,-2.7978
186.180,29.763,-2.7683
185.869,29.637,-2.7247
185.366,29.380,-2.6784
184.707,29.040,-2.6683
184.056,28.702,-2.6711
183.398,28.372,-2.6859
182.903,28.127,-2.7080
182.426,27.922,-2.7232
181.874,27.692,-2.7410
181.600,27.572,-2.7446
180.904,27.281,-2.7447
180.229,27.001,-2.7479
179.537,26.713,-2.7484
178.850,26.430,-2.7498
178.165,26.145,-2.7483
177.883,26.032,-2.7488
177.336,25.799,-2.7492
176.919,25.630,-2.7489
176.639,25.513,-2.7532
175.956,25.234,-2.7478
175.683,25.123,-2.7487
175.265,24.943,-2.7466
174.579,24.660,-2.7506
174.311,24.548,-2.7533
173.759,24.330,-2.7552
173.351,24.160,-2.7530
173.079,24.049,-2.7536
172.246,23.703,-2.7567
171.572,23.436,-2.7583
170.876,23.158,-2.7613
170.185,22.882,-2.7618
169.489,22.601,-2.7612
168.824,22.340,-2.7628
168.254,22.109,-2.7671
167.971,22.001,-2.7711
167.262,21.726,-2.7772
166.573,21.465,-2.7777
165.747,21.153,-2.7815
165.333,20.997,-2.7812
164.646,20.741,-2.7829
163.951,20.478,-2.7837
163.395,20.272,-2.7842
162.985,20.119,-2.7875
162.294,19.863,-2.7871
161.744,19.662,-2.7871
161.335,19.509,-2.7864
161.062,19.407,-2.7780
160.222,19.094,-2.7792
159.532,18.820,-2.7789
158.843,18.565,-2.7773
158.157,18.305,-2.7858
157.886,18.204,-2.7844
157.473,18.055,-2.7869
157.055,17.898,-2.7881
156.375,17.645,-2.7879
155.959,17.493,-2.7908
155.129,17.190,-2.7924
154.620,17.007,-2.7917
154.285,16.884,-2.7826
153.609,16.635,-2.7493
153.323,16.512,-2.7329
152.677,16.203,-2.6999
152.285,16.018,-2.6978
151.902,15.828,-2.6964
151.230,15.517,-2.6917
150.704,15.262,-2.6929
150.168,14.996,-2.6884
149.391,14.619,-2.6887
149.005,14.434,-2.6921
148.614,14.245,-2.7004
147.955,13.928,-2.7129
147.424,13.691,-2.7279
147.047,13.539,-2.7527
146.636,13.377,-2.7667
146.235,13.223,-2.7694
145.831,13.064,-2.7698
145.425,12.906,-2.7687
145.020,12.747,-2.7701
144.743,12.640,-2.7726
144.060,12.374,-2.7745
143.370,12.112,-2.7751
142.828,11.904,-2.7792
142.406,11.743,-2.7801
141.589,11.437,-2.7805
140.911,11.182,-2.7813
140.240,10.927,-2.7815
139.559,10.671,-2.7841
138.857,10.409,-2.7536
138.169,10.157,-2.7223
137.439,9.782,-2.6900
136.779,9.432,-2.6574
136.136,9.089,-2.6660
135.495,8.752,-2.6903
135.000,8.526,-2.7120
134.328,8.244,-2.7346
133.784,8.012,-2.7424
133.387,7.843,-2.7442
132.718,7.563,-2.7466
132.034,7.281,-2.7472
131.353,6.999,-2.7480
130.822,6.775,-2.7492
130.134,6.490,-2.7468
129.743,6.333,-2.7486
129.192,6.099,-2.7485
128.532,5.826,-2.7473
127.980,5.597,-2.7479
127.712,5.488,-2.7482
127.171,5.259,-2.7492
126.489,4.979,-2.7481
126.090,4.815,-2.7528
125.820,4.703,-2.7534
125.124,4.420,-2.7507
124.451,4.145,-2.7510
123.894,3.910,-2.7477
123.344,3.683,-2.7478
122.813,3.460,-2.7505
122.131,3.182,-2.7522
121.460,2.907,-2.7539
121.045,2.740,-2.7557
120.776,2.629,-2.7587
120.235,2.411,-2.7596
119.566,2.144,-2.7634
118.882,1.871,-2.7656
118.186,1.600,-2.7623
117.513,1.337,-2.7661
117.224,1.210,-2.7657
116.671,1.000,-2.7639
116.115,0.783,-2.7695
115.845,0.675,-2.7672
115.577,0.568,-2.7657
115.305,0.463,-2.7677
114.896,0.302,-2.7699
114.214,0.036,-2.7699
113.530,-0.230,-2.7728
112.845,-0.495,-2.7733
112.442,-0.647,-2.7747
111.749,-0.916,-2.7752
111.346,-1.069,-2.7739
110.856,-1.259,-2.7748
110.580,-1.364,-2.7758
109.787,-1.669,-2.7783
109.279,-1.861,-2.7793
108.598,-2.117,-2.7849
108.329,-2.217,-2.7868
107.923,-2.364,-2.7872
107.240,-2.616,-2.7881
106.559,-2.871,-2.7874
105.900,-3.113,-2.7872
105.622,-3.215,-2.7882
104.927,-3.472,-2.7911
104.242,-3.726,-2.7901
103.558,-3.969,-2.7877
103.018,-4.169,-2.7750
102.692,-4.298,-2.7591
102.036,-4.573,-2.7472
101.360,-4.853,-2.7471
100.688,-5.139,-2.7507
100.150,-5.356,-2.7511
99.339,-5.684,-2.7550
98.671,-5.960,-2.7546
98.262,-6.127,-2.7558
97.585,-6.401,-2.7577
97.044,-6.616,-2.7544
96.776,-6.725,-2.7558
95.969,-7.061,-2.7570
95.284,-7.335,-2.7565
94.464,-7.660,-2.7588
94.071,-7.822,-2.7539
93.387,-8.101,-2.7481
93.124,-8.217,-2.7471
92.869,-8.322,-2.7437
92.329,-8.547,-2.7472
92.060,-8.658,-2.7491
91.386,-8.940,-2.7490
90.975,-9.106,-2.7513
90.286,-9.393,-2.7556
89.606,-9.668,-2.7547
88.937,-9.936,-2.7589
88.391,-10.159,-2.7571
87.712,-10.429,-2.7561
87.017,-10.715,-2.7596
86.339,-10.989,-2.7608
85.671,-11.251,-2.7640
84.978,-11.523,-2.7641
84.410,-11.749,-2.7627
83.734,-12.022,-2.7663
83.044,-12.297,-2.7717
82.347,-12.560,-2.7776
81.644,-12.821,-2.7816
80.955,-13.081,-2.7805
80.263,-13.344,-2.7808
79.565,-13.610,-2.7795
78.854,-13.874,-2.7801
78.147,-14.145,-2.7841
77.428,-14.415,-2.7852
76.729,-14.669,-2.7888
76.010,-14.932,-2.7896
75.304,-15.191,-2.7919
74.586,-15.459,-2.7883
73.872,-15.710,-2.7790
73.145,-15.989,-2.7402
72.794,-16.144,-2.6920
72.251,-16.450,-2.6489
71.678,-16.769,-2.6312
71.214,-17.025,-2.6311
70.556,-17.396,-2.6440
69.902,-17.765,-2.6568
69.378,-18.018,-2.6864
68.904,-18.242,-2.7180
68.224,-18.538,-2.7272
67.543,-18.829,-2.7408
67.267,-18.947,-2.7551
66.657,-19.194,-2.7727
66.192,-19.364,-2.7860
65.767,-19.515,-2.8008
65.349,-19.659,-2.8061
65.064,-19.759,-2.8041
64.627,-19.910,-2.7900
63.766,-20.217,-2.7774
63.258,-20.426,-2.7658
62.547,-20.718,-2.7503
62.124,-20.898,-2.7468
61.425,-21.183,-2.7470
60.857,-21.426,-2.7478
60.298,-21.654,-2.7473
59.593,-21.949,-2.7516
58.882,-22.241,-2.7520
58.179,-22.527,-2.7531
57.482,-22.810,-2.7540
56.781,-23.100,-2.7527
56.102,-23.375,-2.7512
55.389,-23.670,-2.7526
54.969,-23.844,-2.7543
54.287,-24.122,-2.7551
53.591,-24.400,-2.7572
52.887,-24.688,-2.7605
52.325,-24.913,-2.7597
51.624,-25.189,-2.7605
50.925,-25.470,-2.7621
50.234,-25.751,-2.7603
49.681,-25.968,-2.7620
48.998,-26.242,-2.7620
48.301,-26.517,-2.7617
47.620,-26.793,-2.7649
46.925,-27.068,-2.7646
46.242,-27.331,-2.7688
45.542,-27.609,-2.7722
45.124,-27.770,-2.7708
44.567,-27.981,-2.7726
43.873,-28.252,-2.7701
43.172,-28.526,-2.7732
42.485,-28.798,-2.7799
41.793,-29.051,-2.8322
41.150,-29.282,-2.8970
40.545,-29.365,-2.9558
39.817,-29.464,-3.0116
39.070,-29.563,-3.0034
38.333,-29.651,-2.9468
37.705,-29.760,-2.8691
37.144,-29.991,-2.7907
36.484,-30.286,-2.7370
35.813,-30.573,-2.7377
35.135,-30.860,-2.7426
34.442,-31.146,-2.7473
33.751,-31.437,-2.7476
33.063,-31.717,-2.7463
32.381,-32.005,-2.7484
31.960,-32.181,-2.7474
31.269,-32.467,-2.7515
30.582,-32.749,-2.7543
29.895,-33.027,-2.7536
29.181,-33.314,-2.6821
28.589,-33.562,-2.5625
28.073,-33.990,-2.4281
27.652,-34.493,-2.4060
27.192,-35.035,-2.4623
26.464,-35.486,-2.6135
26.059,-35.616,-2.7572
25.327,-35.850,-2.8262
24.595,-36.086,-2.8101
24.018,-36.284,-2.7885
23.470,-36.508,-2.7679
22.901,-36.744,-2.7553
22.486,-36.913,-2.7570
22.064,-37.078,-2.7596
21.376,-37.355,-2.7600
20.544,-37.690,-2.7610
19.699,-38.031,-2.7640
18.858,-38.361,-2.7656
18.289,-38.579,-2.7618
17.594,-38.855,-2.7495
16.999,-39.109,-2.7375
16.296,-39.420,-2.7276
15.583,-39.736,-2.7243
15.024,-39.984,-2.7273
14.749,-40.106,-2.7291
14.048,-40.408,-2.7290
13.364,-40.707,-2.7310
12.682,-41.009,-2.7323
11.984,-41.310,-2.7349
11.299,-41.600,-2.7401
10.736,-41.839,-2.7417
9.911,-42.185,-2.7417
9.616,-42.310,-2.7453
9.344,-42.427,-2.7481
8.916,-42.600,-2.7488
8.212,-42.890,-3.3112
7.971,-42.992,2.3977
7.755,-42.155,1.9894
7.460,-41.260,1.8702
7.357,-40.968,1.8851
7.067,-40.062,1.8807
6.823,-39.289,1.8914
6.640,-38.698,1.9134
6.420,-38.145,1.9393
6.132,-37.441,1.9586
5.837,-36.733,1.9625
5.669,-36.322,1.9628
5.550,-36.039,1.9625
5.437,-35.760,1.9582
5.134,-35.031,1.9551
4.912,-34.466,1.9552
4.629,-33.760,1.9510
4.342,-33.053,1.9486
4.164,-32.605,1.9458
3.896,-31.905,1.9408
3.670,-31.325,1.9376
3.507,-30.900,1.9397
3.239,-30.195,1.9346
3.019,-29.638,1.9310
2.806,-29.054,1.9298
2.539,-28.330,1.9232
2.434,-28.051,1.9279
2.328,-27.757,1.9339
2.216,-27.474,1.9624
2.088,-27.142,1.9938
1.960,-26.903,2.0198
1.626,-26.197,2.0335
1.268,-25.506,2.0271
0.936,-24.832,2.0235
0.667,-24.268,2.0118
0.349,-23.571,2.0036
0.013,-22.846,2.0019
-0.306,-22.144,2.0032
-0.502,-21.726,2.0058
-0.690,-21.320,2.0046
-0.820,-21.055,1.9966
-1.207,-20.199,1.9983
-1.523,-19.475,1.9936
-1.646,-19.220,1.9836
-1.840,-18.786,1.9865
-2.182,-17.972,1.9829
-2.503,-17.255,1.9804
-2.817,-16.543,1.9843
-3.110,-15.861,1.9819
-3.413,-15.168,1.9795
-3.589,-14.763,1.9749
-3.718,-14.461,1.9704
-4.012,-13.751,1.9708
-4.188,-13.332,1.9694
-4.546,-12.500,1.9673
-4.843,-11.790,1.9659
-5.138,-11.061,1.9575
-5.412,-10.397,1.9536
-5.745,-9.554,1.9495
-6.020,-8.866,1.9452
-6.297,-8.149,1.9463
-6.463,-7.722,1.9392
-6.577,-7.442,1.9427
-6.773,-6.915,1.9402
-6.970,-6.422,1.9373
-7.070,-6.153,1.9375
-7.232,-5.736,1.9344
-7.503,-5.015,1.9380
-7.666,-4.594,1.9329
-7.945,-3.880,1.9331
-8.201,-3.179,1.5040
-8.469,-2.466,1.1203
-7.510,-2.272,0.6573
-7.120,-2.175,0.2705
-6.746,-2.057,0.3667
-6.244,-1.850,0.4063
-5.438,-1.476,0.4253
-4.605,-1.093,0.4281
-4.212,-0.909,0.4237
-3.515,-0.605,0.4248
-2.715,-0.248,0.4235
-2.156,0.014,0.4273
-1.885,0.140,0.4331
-1.607,0.264,0.4146
-1.336,0.389,0.3823
-1.101,0.479,0.3467
-0.841,0.559,0.3147
-0.569,0.639,0.2983
-0.386,0.698,0.2962
