# C→B 整合座標 (x,y,yaw_rad)；由 merge_site_map.py 從 routes_C_B 配準而來
226.140,40.656,-4.3423
225.912,41.232,-4.3405
225.689,41.816,-4.3441
225.455,42.410,-4.3413
225.234,43.002,-4.3399
224.995,43.589,-4.3437
224.811,44.064,-4.3383
224.585,44.664,-3.9218
224.486,44.909,-3.3529
223.957,44.617,-2.8526
223.371,44.373,-2.7206
222.784,44.129,-2.7481
222.205,43.888,-2.7484
221.627,43.650,-2.7512
221.038,43.405,-2.7499
220.445,43.167,-2.7494
219.858,42.918,-2.7504
219.278,42.678,-2.7481
218.697,42.439,-2.7526
218.112,42.198,-2.7546
217.523,41.961,-2.7563
216.934,41.723,-2.7588
216.345,41.485,-2.7585
215.755,41.249,-2.7585
215.171,41.014,-2.7586
214.579,40.774,-2.7572
213.982,40.534,-2.7561
213.394,40.294,-2.7553
212.816,40.058,-2.7567
212.243,39.824,-2.7557
211.649,39.589,-2.7558
211.050,39.342,-2.7573
210.463,39.102,-2.7545
209.874,38.866,-2.7542
209.289,38.626,-2.7565
208.686,38.378,-2.7561
208.084,38.138,-2.7590
207.481,37.895,-2.7612
206.993,37.702,-2.7616
206.395,37.461,-2.7612
205.908,37.269,-2.7621
205.673,37.172,-2.7655
205.075,36.938,-2.7643
204.711,36.797,-2.7717
204.347,36.651,-2.7751
203.739,36.423,-2.7725
203.138,36.194,-2.7747
202.531,35.953,-2.7734
201.928,35.721,-2.7734
201.328,35.492,-2.7756
200.718,35.260,-2.7750
200.116,35.028,-2.7769
199.515,34.795,-2.7766
198.906,34.568,-2.7772
198.294,34.334,-2.7799
197.686,34.101,-2.7791
197.082,33.874,-2.7826
196.473,33.645,-2.7843
195.867,33.424,-2.7854
195.268,33.198,-2.7874
194.662,32.974,-2.7854
194.059,32.752,-2.7879
193.452,32.525,-2.7882
192.860,32.309,-2.7874
192.253,32.086,-2.7864
191.663,31.866,-2.7875
191.067,31.641,-2.7879
190.477,31.429,-2.7896
189.901,31.217,-2.7932
189.307,31.001,-2.7932
188.697,30.780,-2.7947
188.109,30.568,-2.7972
187.503,30.350,-2.7989
186.907,30.140,-2.8006
186.307,29.927,-2.8032
185.716,29.719,-2.8026
185.119,29.511,-2.8026
184.517,29.298,-2.8048
183.913,29.083,-2.8055
183.317,28.879,-2.8085
182.710,28.670,-2.8100
182.351,28.548,-2.8136
181.762,28.343,-2.8161
181.158,28.145,-2.8165
180.548,27.940,-2.8055
180.010,27.759,-2.7845
179.627,27.597,-2.7664
179.029,27.351,-2.7469
178.448,27.113,-2.7489
177.861,26.864,-2.7461
177.272,26.622,-2.7452
176.676,26.368,-2.7473
176.440,26.273,-2.7483
176.204,26.175,-2.7530
175.604,25.929,-2.7553
175.006,25.685,-2.7543
174.420,25.452,-2.7580
173.832,25.207,-2.7576
173.248,24.979,-2.7565
172.664,24.739,-2.7583
172.080,24.503,-2.7572
171.508,24.270,-2.7623
170.926,24.039,-2.7682
170.333,23.809,-2.7755
169.744,23.588,-2.7864
169.141,23.363,-2.7927
168.545,23.156,-2.7962
167.965,22.948,-2.8008
167.365,22.732,-2.7989
166.769,22.522,-2.7994
166.176,22.311,-2.8022
165.592,22.103,-2.8036
164.987,21.892,-2.8056
164.638,21.773,-2.8075
164.045,21.567,-2.8076
163.441,21.356,-2.7957
163.038,21.216,-2.7819
162.671,21.064,-2.7625
162.096,20.834,-2.7522
161.509,20.587,-2.7511
160.927,20.350,-2.7493
160.582,20.204,-2.7526
160.342,20.108,-2.7472
159.757,19.868,-2.7490
159.168,19.618,-2.7485
158.580,19.376,-2.7461
158.232,19.233,-2.7489
157.536,18.941,-2.7489
156.960,18.704,-2.7490
156.491,18.510,-2.7539
155.918,18.275,-2.7536
155.558,18.134,-2.7564
154.978,17.893,-2.7584
154.399,17.662,-2.7556
154.062,17.527,-2.7555
153.483,17.290,-2.7552
152.909,17.053,-2.7557
152.330,16.821,-2.7583
151.876,16.639,-2.7615
151.167,16.356,-2.7618
150.926,16.260,-2.7624
150.353,16.031,-2.7630
149.766,15.798,-2.7626
149.416,15.660,-2.7625
149.076,15.524,-2.7615
148.511,15.298,-2.7647
147.928,15.064,-2.7696
147.345,14.840,-2.7715
146.646,14.576,-2.7764
146.076,14.353,-2.7750
145.493,14.133,-2.7738
144.916,13.907,-2.7750
144.342,13.688,-2.7750
143.752,13.461,-2.7773
143.169,13.241,-2.7800
142.702,13.063,-2.7821
142.126,12.850,-2.7814
141.534,12.627,-2.7823
140.938,12.400,-2.7817
140.347,12.179,-2.7828
139.638,11.914,-2.7876
139.059,11.699,-2.7903
138.461,11.485,-2.7927
137.866,11.269,-2.7925
137.277,11.055,-2.7871
136.710,10.844,-2.7886
136.121,10.619,-2.7900
135.526,10.407,-2.7936
134.935,10.196,-2.7989
134.348,9.987,-2.7998
133.759,9.777,-2.8005
133.168,9.569,-2.8011
132.582,9.361,-2.8026
131.999,9.155,-2.8030
131.394,8.943,-2.8070
130.808,8.738,-2.8081
130.203,8.534,-2.8077
129.597,8.323,-2.8100
129.113,8.152,-2.8080
128.522,7.951,-2.8070
127.923,7.743,-2.7951
127.586,7.624,-2.7860
126.764,7.304,-2.7490
126.188,7.084,-2.7267
125.634,6.795,-2.6879
125.304,6.619,-2.6599
124.751,6.322,-2.6939
124.463,6.182,-2.7380
124.096,6.057,-2.7851
123.492,5.845,-2.7976
122.912,5.637,-2.7976
122.298,5.407,-2.7951
121.679,5.191,-2.7602
121.428,5.100,-2.7197
121.010,4.875,-2.6704
120.454,4.580,-2.6645
119.895,4.282,-2.7084
119.623,4.167,-2.7504
119.038,3.963,-2.7952
118.445,3.751,-2.8015
117.836,3.539,-2.7987
117.239,3.323,-2.8072
116.652,3.111,-2.8058
116.039,2.915,-2.8085
115.457,2.709,-2.8115
114.867,2.503,-2.7764
114.271,2.295,-2.7259
113.971,2.124,-2.6837
113.419,1.809,-2.6708
113.052,1.608,-2.7042
112.730,1.511,-2.7563
112.348,1.365,-2.7878
111.801,1.153,-2.7743
111.299,0.961,-2.2325
110.939,0.822,-1.7695
111.352,0.087,-1.3440
111.517,-0.255,-1.0886
111.633,-0.490,-1.1192
111.747,-0.723,-1.1203
112.019,-1.288,-1.1466
112.133,-1.529,-1.1734
112.229,-1.808,-1.2212
112.348,-2.154,-1.2412
112.552,-2.749,-1.2398
112.713,-3.224,-1.2397
112.915,-3.805,-1.2395
