# A→B 整合座標 (x,y,yaw_rad)；由 merge_site_map.py 從 routes_A_B 配準而來
-1.405,-0.518,-2.7495
-1.991,-0.761,-2.7452
-2.569,-1.000,-2.7431
-3.145,-1.247,-2.7434
-3.588,-1.438,-2.7484
-3.925,-1.574,-2.7606
-4.501,-1.801,-2.7611
-5.033,-2.003,-2.7600
-5.594,-2.240,-2.7568
-6.175,-2.477,-2.7463
-6.750,-2.712,-2.7506
-7.211,-2.912,-2.7530
-7.918,-3.198,-2.5215
-8.450,-3.409,-2.1070
-8.360,-3.862,-1.5408
-8.120,-4.442,-1.2099
-7.864,-5.001,-1.1653
-7.637,-5.563,-1.1615
-7.387,-6.128,-1.1677
-7.193,-6.580,-1.1632
-7.000,-7.026,-1.1737
-6.758,-7.597,-1.1738
-6.530,-8.171,-1.1796
-6.285,-8.746,-1.1856
-6.098,-9.212,-1.1895
-5.963,-9.559,-1.1925
-5.700,-10.241,-1.1916
-5.468,-10.801,-1.1932
-5.230,-11.390,-1.1903
-5.021,-11.934,-1.1916
-4.787,-12.523,-1.1987
-4.549,-13.109,-1.2007
-4.298,-13.778,-1.2047
-4.081,-14.355,-1.2141
-3.912,-14.805,-1.2175
-3.682,-15.434,-1.2144
-3.479,-16.002,-1.2127
-3.249,-16.592,-1.2118
-3.034,-17.152,-1.2073
-2.814,-17.746,-1.2107
-2.723,-17.989,-1.2136
-2.452,-18.707,-1.2150
-2.359,-18.960,-1.2128
-2.140,-19.560,-1.2139
-1.926,-20.118,-1.2161
-1.837,-20.357,-1.2159
-1.577,-21.072,-1.2180
-1.361,-21.661,-1.2203
-1.145,-22.238,-1.2213
-0.930,-22.838,-1.2187
-0.810,-23.176,-1.2040
-0.601,-23.731,-1.1719
-0.461,-24.019,-1.1612
-0.193,-24.587,-1.1375
0.056,-25.170,-1.1364
0.313,-25.706,-1.1425
0.581,-26.264,-1.1323
0.837,-26.842,-1.1391
1.103,-27.402,-1.1399
1.361,-27.980,-1.1406
1.626,-28.539,-1.1413
1.939,-29.243,-1.1392
2.210,-29.820,-1.1477
2.365,-30.161,-1.1495
2.658,-30.830,-1.1556
2.800,-31.164,-1.1539
2.904,-31.395,-1.1540
3.159,-31.954,-1.1499
3.406,-32.520,-1.1542
3.661,-33.087,-1.1567
3.805,-33.430,-1.1576
4.149,-34.207,-1.1650
4.386,-34.755,-1.1635
4.619,-35.318,-1.1645
4.852,-35.856,-1.1642
5.050,-36.300,-1.1611
5.194,-36.630,-1.1630
5.439,-37.205,-1.1629
5.723,-37.873,-1.1696
5.983,-38.459,-1.1687
6.207,-39.019,-1.1678
6.456,-39.598,-1.1720
6.698,-40.161,-1.1695
6.978,-40.821,-1.1723
7.225,-41.418,-0.8535
7.364,-41.753,-0.2451
7.824,-41.451,0.2602
8.389,-41.174,0.4529
8.687,-41.028,0.3998
9.450,-40.738,0.3740
10.043,-40.513,0.3636
10.641,-40.290,0.3618
11.247,-40.054,0.3612
11.842,-39.833,0.3619
12.437,-39.609,0.3580
13.045,-39.380,0.3594
13.637,-39.160,0.3579
14.238,-38.932,0.3547
14.711,-38.758,0.3524
15.292,-38.547,0.3443
15.908,-38.325,0.3440
16.501,-38.121,0.3498
17.096,-37.904,0.3595
17.417,-37.772,0.3753
17.999,-37.539,0.3869
18.583,-37.300,0.3859
19.181,-37.054,0.3836
19.770,-36.816,0.3833
20.385,-36.576,0.3843
20.963,-36.341,0.3819
21.556,-36.094,0.3852
22.143,-35.863,0.3821
22.725,-35.627,0.3766
23.328,-35.390,0.3776
23.790,-35.210,0.4066
24.220,-35.039,0.4843
24.444,-34.887,0.5944
24.706,-34.665,0.6766
25.211,-34.249,0.6875
25.718,-33.837,0.6833
26.212,-33.435,0.6821
26.711,-33.033,0.6848
27.116,-32.702,0.6547
27.594,-32.304,0.5604
27.849,-32.178,0.4703
28.443,-31.946,0.3759
29.052,-31.718,0.3719
29.596,-31.514,0.3824
29.947,-31.360,0.3985
30.525,-31.109,0.4129
31.111,-30.851,0.4107
31.698,-30.593,0.4093
32.306,-30.332,0.4079
32.897,-30.079,0.4031
33.499,-29.819,0.4053
34.088,-29.574,0.4056
34.674,-29.316,0.4058
35.257,-29.066,0.4090
35.846,-28.810,0.4076
36.425,-28.561,0.4059
36.751,-28.419,0.3497
37.040,-28.300,0.2332
37.384,-28.250,0.1562
37.992,-28.189,0.1060
38.650,-28.120,0.0991
39.286,-28.060,0.1207
39.588,-28.030,0.2217
39.920,-27.955,0.3031
40.664,-27.666,0.3472
41.274,-27.439,0.3663
41.856,-27.209,0.3670
42.450,-26.984,0.3695
43.055,-26.747,0.3670
43.637,-26.523,0.3668
44.225,-26.299,0.3642
44.820,-26.074,0.3644
45.404,-25.851,0.3639
46.007,-25.620,0.3628
46.598,-25.395,0.3618
47.200,-25.170,0.3591
47.786,-24.950,0.3579
48.383,-24.727,0.3546
48.965,-24.509,0.3517
49.561,-24.296,0.3487
50.149,-24.082,0.3460
50.744,-23.869,0.3482
51.339,-23.653,0.3489
51.939,-23.433,0.3577
52.221,-23.329,0.3672
52.998,-23.026,0.3744
53.587,-22.789,0.3809
54.170,-22.556,0.3830
54.749,-22.316,0.3811
55.342,-22.082,0.3931
55.648,-21.963,0.4063
55.967,-21.811,0.4232
56.530,-21.550,0.4355
57.097,-21.292,0.4326
57.663,-21.025,0.4311
58.258,-20.753,0.4338
58.832,-20.491,0.4279
59.407,-20.222,0.4250
59.984,-19.967,0.4243
60.569,-19.707,0.4183
61.025,-19.500,0.4191
61.616,-19.239,0.4195
62.204,-18.978,0.4186
62.773,-18.724,0.4199
63.365,-18.459,0.4189
63.931,-18.206,0.4160
64.521,-17.946,0.4196
65.095,-17.698,0.4164
65.680,-17.427,0.4151
66.253,-17.179,0.4189
66.825,-16.930,0.4145
67.403,-16.670,0.4158
67.970,-16.419,0.4170
68.552,-16.164,0.4145
69.127,-15.911,0.4139
69.470,-15.761,0.4126
70.051,-15.504,0.4113
70.632,-15.253,0.4088
71.226,-14.995,0.4062
71.811,-14.747,0.4053
72.285,-14.544,0.4041
72.872,-14.292,0.4046
73.456,-14.042,0.4035
74.029,-13.797,0.4011
74.622,-13.546,0.3991
75.199,-13.305,0.3981
75.793,-13.056,0.3951
76.371,-12.812,0.3982
76.957,-12.572,0.3966
77.538,-12.321,0.3955
78.124,-12.079,0.3962
78.711,-11.835,0.3939
79.291,-11.596,0.3926
79.871,-11.351,0.3900
80.461,-11.112,0.3882
81.052,-10.873,0.3862
81.610,-10.647,0.3859
82.194,-10.407,0.3858
82.775,-10.172,0.3872
83.360,-9.935,0.3821
83.951,-9.692,0.3795
84.547,-9.461,0.3761
84.905,-9.322,0.3731
85.720,-9.003,0.3750
86.306,-8.770,0.3746
86.776,-8.584,0.3743
87.474,-8.312,0.3738
88.059,-8.084,0.3710
88.649,-7.851,0.3677
89.241,-7.624,0.3690
89.834,-7.402,0.3660
90.424,-7.170,0.3638
91.017,-6.944,0.3804
91.549,-6.746,0.3955
91.940,-6.560,0.4162
92.469,-6.316,0.4351
93.030,-6.054,0.4322
93.586,-5.799,0.4333
94.159,-5.536,0.4346
94.730,-5.270,0.4368
95.282,-5.008,0.4370
95.844,-4.744,0.4383
96.405,-4.488,0.4354
96.979,-4.216,0.4313
97.538,-3.959,0.4322
98.091,-3.711,0.4290
98.657,-3.448,0.4285
99.213,-3.194,0.4279
99.768,-2.940,0.4267
100.329,-2.689,0.4251
100.905,-2.426,0.4236
101.469,-2.172,0.4245
101.928,-1.966,0.4232
102.499,-1.709,0.4184
103.073,-1.450,0.4198
103.640,-1.207,0.4188
104.203,-0.950,0.4135
104.761,-0.702,0.4156
105.341,-0.455,0.4131
105.909,-0.205,0.4130
106.474,0.045,0.4169
107.043,0.298,0.4198
107.611,0.551,0.4215
108.179,0.808,0.4210
108.622,1.008,0.4204
109.021,1.184,0.4171
109.429,1.364,-0.2447
109.718,1.490,-0.6495
109.997,0.665,-1.0000
110.159,0.320,-1.1779
110.317,-0.019,-1.1374
110.577,-0.582,-1.1400
110.731,-0.922,-1.1402
111.036,-1.588,-1.1428
111.192,-1.923,-1.1411
111.293,-2.152,-1.1408
111.343,-2.258,-1.1454
