# B→A 整合座標 (x,y,yaw_rad)；由 merge_site_map.py 從 routes_B_A 配準而來
112.532,-2.344,-4.2565
112.253,-1.788,-4.2562
112.044,-1.348,-4.2589
111.931,-1.119,-4.2671
111.717,-0.670,-4.2664
111.505,-0.220,-4.2660
111.282,0.245,-4.2653
111.121,0.573,-4.2609
110.951,0.926,-3.6099
110.808,1.215,-3.1081
110.153,0.817,-2.8017
109.569,0.521,-2.6534
108.990,0.233,-2.6774
108.422,-0.052,-2.6799
107.852,-0.335,-2.6786
107.286,-0.615,-2.6768
106.956,-0.782,-2.6770
106.390,-1.071,-2.6757
105.832,-1.348,-2.7159
105.511,-1.507,-2.7498
104.705,-1.803,-2.7786
104.100,-2.017,-2.7943
103.498,-2.234,-2.7942
102.907,-2.450,-2.7946
102.300,-2.674,-2.7948
101.703,-2.884,-2.7945
101.112,-3.097,-2.7988
100.503,-3.320,-2.7966
99.903,-3.530,-2.7957
99.304,-3.746,-2.7985
98.704,-3.965,-2.7966
98.086,-4.183,-2.8005
97.488,-4.398,-2.8035
96.878,-4.607,-2.7877
96.579,-4.712,-2.7630
96.256,-4.859,-2.7360
95.671,-5.120,-2.7197
95.205,-5.326,-2.7208
94.634,-5.585,-2.7211
94.051,-5.846,-2.7228
93.469,-6.105,-2.7279
92.899,-6.352,-2.7320
92.321,-6.601,-2.7360
91.719,-6.859,-2.7352
91.143,-7.104,-2.7353
90.556,-7.361,-2.7322
89.971,-7.612,-2.7325
89.312,-7.903,-2.7360
88.728,-8.151,-2.7356
88.141,-8.398,-2.7403
87.552,-8.652,-2.7411
86.966,-8.899,-2.7392
86.385,-9.143,-2.7398
85.797,-9.396,-2.7403
85.209,-9.648,-2.7413
84.627,-9.892,-2.7415
84.028,-10.141,-2.7443
83.427,-10.398,-2.7417
82.825,-10.648,-2.7409
82.241,-10.900,-2.7415
81.646,-11.150,-2.7428
81.057,-11.400,-2.7469
80.462,-11.644,-2.7498
79.867,-11.889,-2.7509
79.274,-12.130,-2.7516
78.673,-12.383,-2.7526
78.072,-12.627,-2.7546
77.471,-12.872,-2.7570
76.862,-13.113,-2.7611
76.265,-13.357,-2.7657
75.658,-13.593,-2.7648
75.061,-13.823,-2.7668
74.446,-14.069,-2.7638
73.830,-14.315,-2.7629
73.224,-14.559,-2.7625
72.606,-14.800,-2.7630
71.988,-15.049,-2.7648
71.379,-15.290,-2.7657
70.774,-15.528,-2.7705
70.169,-15.762,-2.7731
69.560,-15.993,-2.7670
69.030,-16.198,-2.7539
68.747,-16.325,-2.7402
68.147,-16.587,-2.7252
67.539,-16.851,-2.7286
66.945,-17.120,-2.7314
66.344,-17.378,-2.7346
65.746,-17.632,-2.7403
65.138,-17.886,-2.7417
64.533,-18.144,-2.7427
63.936,-18.396,-2.7430
63.328,-18.651,-2.7470
62.726,-18.902,-2.7488
62.135,-19.142,-2.7502
61.531,-19.392,-2.7511
60.941,-19.636,-2.7495
60.340,-19.885,-2.7494
59.750,-20.128,-2.7517
59.135,-20.384,-2.7514
58.548,-20.620,-2.7523
57.959,-20.864,-2.7573
57.359,-21.109,-2.7573
56.760,-21.344,-2.7576
56.171,-21.581,-2.7539
55.574,-21.828,-2.7485
54.969,-22.085,-2.7449
54.381,-22.331,-2.7422
53.789,-22.579,-2.7390
53.191,-22.834,-2.7386
52.590,-23.098,-2.7369
51.995,-23.348,-2.7239
51.668,-23.488,-2.7194
50.937,-23.834,-2.7065
50.341,-24.109,-2.7000
49.760,-24.387,-2.6986
49.176,-24.666,-2.6966
48.594,-24.946,-2.6946
48.013,-25.219,-2.6950
47.447,-25.496,-2.6953
46.867,-25.772,-2.6963
46.296,-26.046,-2.6994
45.708,-26.320,-2.6971
45.128,-26.594,-2.6982
44.548,-26.876,-2.6973
43.966,-27.152,-2.6989
43.390,-27.423,-2.7031
42.809,-27.694,-2.7036
42.239,-27.959,-2.7043
41.662,-28.232,-2.7771
41.298,-28.401,-2.8503
40.615,-28.531,-2.9252
39.984,-28.635,-2.9726
39.352,-28.740,-2.9767
38.735,-28.839,-2.9770
38.103,-28.949,-2.9670
37.561,-29.038,-2.9025
37.186,-29.122,-2.8205
36.843,-29.300,-2.7636
36.451,-29.499,-2.7478
35.989,-29.662,-2.7777
35.374,-29.874,-2.8051
34.783,-30.085,-2.8051
34.168,-30.298,-2.8070
33.563,-30.511,-2.8078
32.952,-30.716,-2.8090
32.354,-30.927,-2.8130
31.740,-31.136,-2.8109
31.137,-31.338,-2.8143
30.522,-31.551,-2.8128
29.916,-31.755,-2.8128
29.302,-31.968,-2.7909
28.714,-32.165,-2.7380
28.492,-32.293,-2.6319
28.276,-32.455,-2.5265
27.737,-32.843,-2.5097
27.208,-33.229,-2.5095
26.688,-33.615,-2.5092
26.168,-33.999,-2.5127
25.637,-34.382,-2.5190
25.104,-34.759,-2.5821
24.590,-35.120,-2.6293
23.780,-35.495,-2.6756
23.186,-35.760,-2.7158
22.600,-36.019,-2.7210
22.014,-36.289,-2.7209
21.415,-36.553,-2.7228
20.832,-36.814,-2.7252
20.242,-37.069,-2.7264
19.658,-37.331,-2.7299
19.066,-37.589,-2.7296
18.467,-37.847,-2.7349
17.882,-38.100,-2.7392
17.286,-38.353,-2.7418
16.696,-38.598,-2.7472
16.111,-38.842,-2.7525
15.525,-39.081,-2.7547
14.938,-39.315,-2.7559
14.337,-39.558,-2.7582
13.733,-39.808,-2.7574
13.134,-40.046,-2.7553
12.524,-40.291,-2.7542
11.931,-40.537,-2.7522
11.332,-40.788,-2.7526
10.714,-41.039,-2.7533
10.142,-41.268,-2.7611
9.550,-41.511,-2.7619
8.946,-41.742,-2.7632
8.333,-41.989,-2.7688
7.852,-42.178,-2.7685
7.608,-42.271,-3.4408
7.260,-42.402,-3.9317
7.040,-41.591,-4.1759
6.878,-41.194,-4.3597
6.634,-40.631,-4.3231
6.388,-40.032,-4.3220
6.142,-39.404,-4.3290
5.891,-38.797,-4.3316
5.653,-38.202,-4.3306
5.405,-37.578,-4.3404
5.163,-36.966,-4.3416
4.888,-36.226,-4.3259
4.650,-35.620,-4.3149
4.282,-34.817,-4.3002
4.020,-34.244,-4.2896
3.756,-33.639,-4.2975
3.489,-33.042,-4.3005
3.235,-32.440,-4.3029
2.977,-31.854,-4.3137
2.821,-31.485,-4.3109
2.580,-30.883,-4.3229
2.314,-30.273,-4.3244
2.088,-29.691,-4.3184
1.841,-29.086,-4.3276
1.581,-28.480,-4.3242
1.341,-27.870,-4.3231
1.147,-27.389,-4.3362
0.994,-27.022,-4.3387
0.713,-26.284,-4.3386
0.476,-25.665,-4.3454
0.230,-25.052,-4.3450
0.010,-24.463,-4.3427
-0.082,-24.219,-4.3549
-0.318,-23.616,-4.3572
-0.542,-22.986,-4.3581
-0.765,-22.372,-4.3352
-0.909,-21.981,-4.3157
-1.291,-21.159,-4.2919
-1.556,-20.564,-4.2802
-1.837,-19.976,-4.2806
-2.109,-19.381,-4.2741
-2.270,-19.034,-4.2845
-2.381,-18.805,-4.2842
-2.592,-18.322,-4.2930
-2.849,-17.760,-4.2969
-3.109,-17.154,-4.2950
-3.374,-16.554,-4.3019
-3.635,-15.970,-4.3011
-3.898,-15.349,-4.3005
-4.159,-14.747,-4.3002
-4.435,-14.126,-4.2990
-4.696,-13.543,-4.2979
-4.901,-13.065,-4.3002
-5.176,-12.434,-4.3033
-5.433,-11.844,-4.3052
-5.694,-11.241,-4.3132
-5.942,-10.651,-4.3173
-6.181,-10.054,-4.3232
-6.454,-9.396,-4.3309
-6.644,-8.924,-4.3277
-6.881,-8.308,-4.3305
-7.125,-7.722,-4.3295
-7.375,-7.102,-4.3326
-7.655,-6.416,-4.3404
-7.772,-6.077,-4.3443
-7.964,-5.572,-4.3453
-8.056,-5.337,-4.3330
-8.309,-4.715,-4.3447
-8.413,-4.471,-4.3461
-8.631,-3.841,-4.3606
-8.909,-3.112,-4.3632
-9.123,-2.499,-4.5962
-9.300,-2.035,-5.1744
-8.864,-1.844,-5.6231
-8.116,-1.518,0.4142
-7.507,-1.245,0.3962
-6.994,-1.021,0.3417
-6.738,-0.954,0.3190
-6.109,-0.804,0.3253
-5.714,-0.652,0.3559
-5.110,-0.385,0.4054
-4.522,-0.130,0.4185
-4.261,-0.011,0.4221
-3.930,0.142,0.4259
-3.455,0.358,0.4222
-3.213,0.464,0.4197
-2.737,0.674,0.4140
