# B→C 整合座標 (x,y,yaw_rad)；由 merge_site_map.py 從 routes_B_C 配準而來
112.797,-2.672,-4.2952
112.545,-2.109,-4.2958
112.295,-1.540,-4.2993
112.190,-1.300,-4.3031
111.995,-0.842,-4.3043
111.643,-0.030,-4.3039
111.350,0.647,-4.6954
111.241,0.892,-5.1964
111.960,1.206,0.5281
112.384,1.380,0.3796
112.988,1.603,0.3620
113.581,1.825,0.3538
114.186,2.049,0.3506
114.773,2.263,0.3492
115.372,2.475,0.3469
115.961,2.692,0.3433
116.566,2.909,0.3484
117.167,3.118,0.3460
117.750,3.339,0.3446
118.352,3.554,0.3448
118.842,3.726,0.3421
119.444,3.936,0.3381
120.031,4.151,0.3388
120.498,4.308,0.3385
121.209,4.560,0.3358
121.799,4.765,0.3370
122.621,5.054,0.3367
123.098,5.219,0.3367
123.339,5.306,0.3383
123.932,5.512,0.3369
124.526,5.725,0.3312
125.113,5.925,0.3297
125.725,6.126,0.3490
126.000,6.219,0.3657
126.791,6.549,0.3844
127.368,6.788,0.3905
127.942,7.022,0.3860
128.534,7.263,0.3831
129.114,7.493,0.3796
129.698,7.727,0.3752
130.265,7.949,0.3737
130.848,8.174,0.3720
131.437,8.404,0.3703
132.015,8.631,0.3713
132.614,8.861,0.3683
133.201,9.090,0.3651
133.784,9.309,0.3640
134.378,9.534,0.3621
134.971,9.759,0.3649
135.549,9.979,0.3653
136.130,10.205,0.3670
136.730,10.434,0.3683
137.202,10.617,0.3647
137.680,10.802,0.3660
138.387,11.067,0.3633
138.979,11.296,0.3622
139.568,11.516,0.3596
139.993,11.678,0.3577
140.621,11.906,0.3552
141.212,12.130,0.3537
141.797,12.343,0.3537
142.383,12.560,0.3502
142.979,12.777,0.3508
143.568,12.990,0.3508
144.158,13.207,0.3504
144.512,13.339,0.3671
145.023,13.524,0.3972
145.295,13.654,0.4159
145.868,13.924,0.4401
146.438,14.189,0.4384
147.004,14.456,0.4392
147.340,14.613,0.4357
147.902,14.879,0.4005
148.165,14.994,0.3818
148.879,15.250,0.3547
149.483,15.473,0.3450
149.921,15.627,0.3454
150.499,15.833,0.3402
151.087,16.045,0.3434
151.672,16.248,0.3398
152.264,16.465,0.3374
152.853,16.664,0.3371
153.440,16.870,0.3348
154.146,17.115,0.3359
154.503,17.244,0.3383
155.097,17.448,0.3422
155.564,17.617,0.3415
155.921,17.747,0.3430
156.282,17.876,0.3393
156.880,18.085,0.3497
157.485,18.295,0.3689
157.847,18.450,0.3876
158.418,18.701,0.4082
158.884,18.903,0.4080
159.465,19.152,0.4074
159.929,19.349,0.4086
160.502,19.601,0.4093
161.081,19.854,0.4100
161.664,20.106,0.4094
162.237,20.353,0.4082
162.818,20.605,0.4085
163.398,20.856,0.4039
163.865,21.058,0.4015
164.455,21.301,0.4007
164.924,21.500,0.3975
165.510,21.750,0.4006
166.097,21.995,0.3989
166.679,22.242,0.3936
167.268,22.487,0.3918
167.863,22.727,0.3873
168.458,22.970,0.3836
169.055,23.212,0.3855
169.622,23.438,0.3842
170.234,23.689,0.3837
170.826,23.928,0.3857
171.407,24.161,0.3806
172.008,24.406,0.3812
172.606,24.638,0.3811
173.194,24.877,0.3796
173.541,25.016,0.3813
174.138,25.256,0.3805
174.738,25.493,0.3787
175.343,25.736,0.3787
175.954,25.976,0.3789
176.555,26.218,0.3795
177.271,26.501,0.3809
177.883,26.749,0.3810
178.484,26.989,0.3787
179.062,27.222,0.3759
179.654,27.450,0.3753
180.257,27.686,0.3751
180.863,27.926,0.3757
181.451,28.162,0.3760
182.053,28.396,0.3741
182.534,28.585,0.3715
183.117,28.811,0.3720
183.715,29.044,0.3693
184.298,29.271,0.3685
184.878,29.492,0.3678
185.462,29.716,0.3635
186.054,29.945,0.3638
186.647,30.165,0.3622
187.237,30.390,0.3609
187.807,30.605,0.3631
188.404,30.832,0.3645
189.007,31.062,0.3661
189.598,31.291,0.3666
190.189,31.518,0.3670
190.786,31.747,0.3632
191.377,31.973,0.3614
191.971,32.193,0.3596
192.551,32.411,0.3568
193.133,32.629,0.3568
193.731,32.850,0.3563
194.321,33.069,0.3547
194.912,33.289,0.3547
195.514,33.511,0.3549
196.097,33.726,0.3516
196.704,33.952,0.3516
197.293,34.163,0.3509
197.878,34.378,0.3494
198.474,34.596,0.3506
199.057,34.809,0.3485
199.648,35.024,0.3472
200.238,35.236,0.3473
200.725,35.411,0.3488
201.443,35.673,0.3447
202.028,35.889,0.3433
202.626,36.093,0.3439
203.214,36.300,0.3398
203.804,36.518,0.3419
204.399,36.727,0.3441
204.996,36.936,0.3397
205.328,37.058,0.3416
205.926,37.268,0.3443
206.515,37.479,0.3434
206.773,37.573,0.3438
207.362,37.785,0.3433
207.955,37.994,0.3402
208.550,38.207,0.3386
209.144,38.412,0.3388
209.412,38.507,0.3379
209.657,38.594,0.3384
210.254,38.806,0.3363
210.675,38.951,0.3336
210.975,39.053,0.3302
211.386,39.193,0.3300
212.121,39.445,0.3307
212.718,39.651,0.3436
212.975,39.740,0.4004
213.232,39.854,0.4554
213.773,40.145,0.4821
214.328,40.439,0.4914
214.888,40.741,0.4722
215.430,41.030,0.4427
215.813,41.186,0.4116
216.409,41.426,0.3814
216.988,41.658,0.3803
217.575,41.890,0.3802
218.162,42.125,0.3797
218.750,42.361,0.3814
219.340,42.596,0.3815
219.926,42.833,0.3819
220.510,43.067,0.3802
221.097,43.304,0.3784
221.696,43.537,0.3763
222.278,43.768,0.3747
222.864,43.997,0.3751
223.212,44.136,0.3740
223.453,44.229,0.3751
224.037,44.458,-0.1114
224.412,44.607,-0.5655
224.552,43.986,-1.0456
224.772,43.392,-1.2454
224.996,42.802,-1.2152
225.218,42.217,-1.2151
225.411,41.674,-1.2188
225.530,41.352,-1.2233
225.705,40.872,-1.2189
