# C→D 整合座標 (x,y,yaw_rad)；由 merge_site_map.py 從 routes_C_D 配準而來
226.307,40.728,-4.2904
226.057,41.279,-4.2917
225.809,41.836,-4.2940
225.556,42.406,-4.2938
225.307,42.978,-4.2928
225.052,43.540,-4.2922
224.947,43.770,-4.2925
224.798,44.102,-4.2961
224.575,44.617,-4.8359
224.428,44.949,1.1399
225.134,45.278,0.6741
225.399,45.409,0.4228
225.761,45.564,0.4110
226.336,45.808,0.4032
226.903,46.049,0.4024
227.466,46.291,0.4031
228.031,46.531,0.4053
228.597,46.772,0.4040
229.170,47.022,0.4064
229.732,47.260,0.4037
230.308,47.510,0.3998
230.875,47.745,0.3967
231.454,47.988,0.3932
232.026,48.221,0.3924
232.598,48.461,0.3905
233.161,48.692,0.3902
233.725,48.923,0.3880
234.291,49.153,0.3856
234.848,49.380,0.3830
235.438,49.616,0.3834
235.993,49.836,0.3807
236.566,50.070,0.3820
237.120,50.290,0.3835
237.691,50.521,0.3817
238.250,50.747,0.3812
238.823,50.976,0.3786
239.380,51.196,0.3758
239.934,51.414,0.3753
240.504,51.637,0.3756
241.066,51.860,0.3754
241.616,52.078,0.3718
242.183,52.300,0.3693
242.754,52.514,0.3666
243.316,52.731,0.3616
243.872,52.944,0.3628
244.490,53.173,0.3613
245.052,53.386,0.3598
245.611,53.598,0.3600
246.173,53.810,0.3559
246.734,54.017,0.3525
247.301,54.222,0.3507
247.745,54.383,0.3483
248.302,54.588,0.3481
248.878,54.796,0.3471
249.439,54.999,0.3449
250.011,55.203,0.3435
250.575,55.405,0.3424
251.132,55.602,0.3393
251.695,55.803,0.3381
252.253,55.995,0.3383
252.830,56.198,0.3366
253.392,56.397,0.3380
253.958,56.595,0.3357
254.525,56.793,0.3350
255.087,56.986,0.3344
255.648,57.183,0.3317
256.225,57.382,0.3339
256.791,57.574,0.3347
257.359,57.774,0.3355
257.934,57.978,0.3369
258.497,58.175,0.3365
259.058,58.368,0.3331
259.614,58.563,0.3309
260.182,58.756,0.3302
260.750,58.949,0.3289
261.314,59.141,0.3301
261.876,59.335,0.3290
262.442,59.530,0.3249
263.017,59.723,0.3247
263.589,59.908,0.3286
264.160,60.104,0.3423
264.454,60.217,0.3581
265.015,60.435,0.3692
265.578,60.652,0.3685
266.135,60.868,0.3681
266.583,61.039,0.3674
267.148,61.258,0.3658
267.698,61.469,0.3636
268.260,61.682,0.3618
268.824,61.891,0.3597
269.391,62.107,0.3578
269.959,62.319,0.3589
270.525,62.529,0.3578
271.096,62.744,0.3551
271.657,62.954,0.3549
272.226,63.160,0.3535
272.786,63.367,0.3520
273.346,63.574,0.3511
273.900,63.778,0.3491
274.447,63.973,0.3474
275.015,64.179,0.3563
275.582,64.384,0.3773
276.024,64.568,0.3959
276.570,64.815,0.4168
277.125,65.061,0.4235
277.673,65.310,0.4205
278.222,65.559,0.4195
278.763,65.795,0.4174
279.303,66.033,0.4151
279.847,66.274,0.4192
280.400,66.520,0.4182
280.941,66.766,0.4148
281.492,67.005,0.4127
282.050,67.244,0.4067
282.597,67.482,0.4071
283.149,67.717,0.4059
283.696,67.956,0.4040
284.238,68.185,0.4035
284.784,68.417,0.4004
285.343,68.654,0.3984
285.897,68.888,0.3963
286.432,69.109,0.3920
286.990,69.340,0.3908
287.557,69.569,0.3903
288.112,69.800,0.4167
288.679,70.033,0.3777
289.030,70.243,0.3135
289.327,70.272,0.2576
289.913,70.384,0.2152
290.257,70.449,0.2475
291.032,70.680,0.2701
291.602,70.847,0.2775
292.209,71.020,0.2703
292.813,71.178,0.2656
293.214,71.285,0.2650
293.568,71.381,0.2699
294.385,71.611,0.5131
294.782,71.722,0.9877
294.610,72.072,-4.6164
294.412,72.662,-4.3667
294.231,73.204,-4.3904
294.038,73.786,-4.3850
293.856,74.330,-4.3822
293.653,74.895,-4.3778
293.449,75.485,-4.3798
293.242,76.077,-4.3846
293.052,76.657,-4.3878
292.859,77.229,-4.3968
292.665,77.816,-4.3993
292.484,78.399,-4.4041
292.288,79.019,-4.4047
292.098,79.620,-4.4060
291.882,80.278,-4.4062
291.711,80.840,-4.4046
291.513,81.470,-4.4051
291.317,82.075,-4.4034
291.215,82.379,-4.3850
291.112,82.718,-4.3665
290.956,83.109,-4.3570
290.738,83.683,-4.3461
290.520,84.252,-4.3504
290.316,84.793,-4.3520
290.103,85.362,-4.3562
289.861,86.009,-4.3568
289.658,86.570,-4.3571
289.444,87.140,-4.3604
289.227,87.722,-4.3604
289.024,88.288,-4.3609
288.821,88.846,-4.3612
288.614,89.402,-4.3594
288.402,89.975,-4.3622
288.194,90.540,-4.3658
287.987,91.131,-4.3694
287.780,91.713,-4.3711
287.571,92.299,-4.3698
287.400,92.776,-4.3698
287.218,93.287,-4.8468
287.081,93.671,0.9405
287.790,93.914,0.5409
288.398,94.144,0.3475
289.014,94.366,0.3557
289.555,94.567,0.3521
290.151,94.792,0.3504
290.735,95.002,0.3527
291.305,95.203,0.3499
291.884,95.425,0.3508
292.471,95.638,0.3503
293.051,95.850,0.3446
293.639,96.056,0.3438
294.212,96.261,0.3412
294.800,96.472,0.3455
295.379,96.677,0.3454
295.974,96.897,0.3438
296.550,97.102,0.3449
297.145,97.312,0.3422
297.735,97.524,0.3405
298.329,97.736,0.3385
298.938,97.948,0.3361
299.530,98.152,0.3332
300.124,98.359,0.3348
300.705,98.558,0.3358
301.296,98.769,0.3365
301.879,98.972,0.3372
302.459,99.176,0.3338
303.042,99.377,0.3304
303.636,99.580,0.3299
304.227,99.777,0.3276
304.812,99.981,0.3276
305.400,100.179,0.3308
305.977,100.376,0.3297
306.572,100.583,0.3306
307.159,100.785,0.3284
307.753,100.986,0.3243
308.329,101.178,0.3248
308.910,101.369,0.3237
309.506,101.575,0.3260
310.091,101.771,0.3235
310.673,101.970,0.3201
311.267,102.159,0.3179
311.840,102.349,0.3169
312.425,102.540,0.3211
313.013,102.738,0.3202
313.604,102.937,0.3435
313.991,103.062,0.3588
314.698,103.353,0.3744
315.271,103.585,0.3857
315.852,103.820,0.3821
316.410,104.045,0.3815
316.991,104.274,0.3817
317.698,104.558,0.3806
318.272,104.791,0.3828
318.851,105.021,0.3812
319.440,105.260,0.3753
320.005,105.483,0.3747
320.597,105.708,0.3743
321.130,105.918,0.3721
321.703,106.149,0.3771
322.296,106.377,0.3760
322.879,106.611,0.3722
323.474,106.843,0.3734
324.057,107.069,0.3709
324.647,107.299,0.3691
325.220,107.522,0.3711
325.814,107.749,0.3705
326.321,107.949,0.3666
326.679,108.088,0.3660
327.095,108.242,0.3645
327.712,108.476,0.3647
328.065,108.615,0.3681
328.863,108.922,0.3666
329.285,109.087,0.3660
329.861,109.301,0.3618
330.222,109.442,0.6881
330.533,109.554,1.2945
330.312,109.932,-4.5234
330.156,110.344,-4.3217
329.939,110.924,-4.3577
329.726,111.512,-4.3599
329.684,111.628,-4.3649
