# 路線 M1→A, 136.7 m  (x,y,yaw_rad)
96.822,-13.060,-2.9561
96.514,-13.119,-2.9588
95.925,-13.227,-2.9591
95.643,-13.278,-2.9414
94.568,-13.476,-2.9244
94.615,-13.504,-2.9121
94.338,-13.577,-2.8583
94.053,-13.649,-2.8980
93.508,-13.784,-2.8993
92.925,-13.924,-2.8911
92.051,-14.143,-2.8837
91.875,-14.206,-2.8709
91.625,-14.281,-2.8545
91.040,-14.447,-2.8665
90.766,-14.522,-2.8676
90.482,-14.599,-2.8729
90.193,-14.683,-2.8706
89.902,-14.761,-2.8673
89.614,-14.842,-2.8706
89.046,-15.003,-2.8719
88.764,-15.080,-2.8389
88.478,-15.154,-2.8280
87.813,-15.404,-2.7929
87.650,-15.456,-2.7699
87.137,-15.672,-2.7588
86.866,-15.782,-2.7528
85.879,-16.183,-2.7545
85.853,-16.192,-2.7564
85.681,-16.265,-2.7568
85.412,-16.372,-2.7607
85.141,-16.482,-2.7635
84.863,-16.589,-2.7629
84.577,-16.704,-2.7640
84.295,-16.816,-2.7616
84.014,-16.929,-2.7615
83.743,-17.036,-2.7576
83.459,-17.151,-2.7541
82.902,-17.379,-2.7518
82.631,-17.494,-2.7552
82.347,-17.610,-2.7575
82.065,-17.718,-2.7608
81.781,-17.832,-2.7687
81.501,-17.946,-2.7657
81.226,-18.048,-2.7621
80.939,-18.162,-2.7659
80.668,-18.276,-2.7645
80.385,-18.386,-2.7664
80.114,-18.489,-2.7694
79.828,-18.600,-2.7722
79.558,-18.709,-2.7723
79.279,-18.815,-2.7725
79.007,-18.917,-2.7782
78.740,-19.021,-2.7744
78.456,-19.128,-2.7697
78.179,-19.238,-2.7738
77.895,-19.351,-2.7691
77.620,-19.452,-2.7730
77.338,-19.565,-2.7772
77.057,-19.671,-2.7744
76.775,-19.778,-2.7789
76.492,-19.886,-2.7790
76.214,-19.992,-2.7788
75.922,-20.102,-2.7828
75.363,-20.314,-2.8033
75.114,-20.403,-2.8161
75.037,-20.406,-2.8459
74.910,-20.443,-2.8580
74.369,-20.617,-2.8365
74.117,-20.693,-2.8317
73.830,-20.786,-2.8326
73.572,-20.871,-2.8262
73.288,-20.962,-2.8275
73.004,-21.056,-2.8335
72.722,-21.146,-2.8355
72.427,-21.236,-2.8369
72.132,-21.327,-2.8377
71.848,-21.420,-2.8334
71.562,-21.510,-2.8292
71.279,-21.601,-2.8331
70.987,-21.697,-2.8363
70.421,-21.875,-2.8397
70.132,-21.960,-2.8441
69.848,-22.047,-2.8462
69.554,-22.136,-2.8422
69.267,-22.226,-2.8519
68.979,-22.316,-2.8533
68.699,-22.389,-2.8542
68.416,-22.474,-2.8578
68.129,-22.562,-2.8450
67.824,-22.653,-2.8388
67.538,-22.744,-2.8439
67.247,-22.839,-2.8419
66.948,-22.925,-2.8412
66.651,-23.016,-2.8462
66.360,-23.109,-2.8412
66.078,-23.195,-2.8436
65.791,-23.283,-2.8524
65.497,-23.370,-2.8571
65.200,-23.454,-2.8566
64.914,-23.535,-2.8601
64.617,-23.627,-2.8555
64.330,-23.708,-2.8542
64.044,-23.795,-2.8588
63.754,-23.878,-2.8557
63.114,-24.064,-2.8607
63.080,-24.075,-2.8593
62.863,-24.135,-2.8545
62.574,-24.220,-2.8626
62.287,-24.308,-2.8593
61.995,-24.386,-2.8585
61.700,-24.473,-2.8643
61.404,-24.561,-2.8587
61.105,-24.644,-2.8619
60.811,-24.730,-2.8641
60.510,-24.814,-2.8621
60.219,-24.898,-2.8636
59.911,-24.987,-2.8650
59.620,-25.070,-2.8637
59.034,-25.233,-2.8635
58.895,-25.276,-2.8650
58.764,-25.315,-2.8644
58.487,-25.391,-2.8649
57.893,-25.558,-2.8653
57.610,-25.641,-2.8668
57.315,-25.725,-2.8670
57.022,-25.805,-2.8639
56.714,-25.890,-2.8705
56.424,-25.979,-2.8726
56.114,-26.059,-2.8691
55.815,-26.137,-2.8746
55.543,-26.218,-2.8750
55.247,-26.301,-2.8692
54.945,-26.379,-2.8756
54.646,-26.464,-2.8778
54.359,-26.540,-2.8728
54.056,-26.623,-2.8720
53.767,-26.703,-2.8711
53.474,-26.788,-2.8700
53.178,-26.868,-2.8733
52.591,-27.030,-2.8784
52.295,-27.108,-2.8730
52.005,-27.184,-2.8739
51.715,-27.270,-2.8734
51.425,-27.350,-2.8720
51.132,-27.427,-2.8788
50.842,-27.505,-2.8822
50.560,-27.581,-2.8816
50.270,-27.657,-2.8800
49.968,-27.737,-2.8812
49.678,-27.817,-2.8822
49.375,-27.897,-2.8795
49.095,-27.968,-2.8854
48.803,-28.049,-2.8884
48.221,-28.198,-2.8858
47.937,-28.269,-2.8954
47.642,-28.348,-2.8936
47.348,-28.415,-2.8897
47.061,-28.492,-2.8932
46.769,-28.569,-2.8827
46.483,-28.643,-2.8860
46.182,-28.724,-2.8888
45.896,-28.796,-2.8900
45.591,-28.874,-2.8919
45.298,-28.947,-2.8929
45.005,-29.024,-2.8926
44.716,-29.096,-2.8924
44.428,-29.169,-2.8954
44.133,-29.243,-2.8938
43.836,-29.318,-2.9022
43.536,-29.394,-2.9016
43.245,-29.458,-2.9082
42.943,-29.535,-2.9043
42.652,-29.599,-2.9015
42.057,-29.752,-2.9029
41.761,-29.821,-2.8991
41.466,-29.894,-2.9068
41.175,-29.964,-2.9072
40.879,-30.034,-2.9074
40.592,-30.101,-2.9072
39.993,-30.246,-2.9050
39.307,-30.411,-2.9032
39.239,-30.429,-2.9029
38.988,-30.490,-2.9073
38.440,-30.623,-2.9092
37.854,-30.757,-2.9114
37.568,-30.825,-2.9144
37.351,-30.874,-2.9137
36.535,-31.064,-2.8853
36.355,-31.105,-2.8724
36.374,-31.138,-2.8369
35.914,-31.270,-2.8293
35.347,-31.437,-2.8572
35.062,-31.523,-2.8535
34.774,-31.606,-2.8463
34.474,-31.697,-2.8451
34.200,-31.786,-2.8464
33.611,-31.966,-2.8479
33.317,-32.048,-2.8555
33.030,-32.134,-2.8584
32.737,-32.217,-2.8580
32.457,-32.302,-2.8599
32.164,-32.384,-2.8016
31.577,-32.555,-2.7674
30.969,-32.842,-2.7216
30.850,-32.933,-2.6386
30.607,-33.080,-2.5905
30.381,-33.213,-2.6028
30.122,-33.362,-2.6064
29.868,-33.520,-2.6077
29.594,-33.681,-2.6084
29.341,-33.827,-2.6157
29.078,-33.979,-2.6140
28.845,-34.114,-2.6207
28.599,-34.261,-2.6232
28.322,-34.412,-2.6262
28.068,-34.555,-2.6224
27.800,-34.706,-2.6199
27.553,-34.858,-2.6180
27.285,-35.008,-2.6101
27.027,-35.156,-2.6130
26.767,-35.313,-2.6301
26.508,-35.468,-2.6523
25.966,-35.749,-2.6823
25.944,-35.733,-2.7192
25.759,-35.811,-2.7727
25.486,-35.928,-2.7342
25.217,-36.038,-2.7351
24.941,-36.165,-2.7378
24.668,-36.281,-2.7388
24.387,-36.397,-2.7468
24.117,-36.507,-2.7482
23.840,-36.624,-2.7470
23.668,-36.696,-2.7374
23.647,-36.706,-2.7453
23.482,-36.778,-2.7834
22.604,-37.141,-2.8002
22.559,-37.111,-2.8184
22.347,-37.167,-2.9129
22.071,-37.251,-2.8628
21.771,-37.335,-2.8600
21.488,-37.418,-2.8610
21.196,-37.500,-2.8561
20.907,-37.586,-2.8629
20.616,-37.674,-2.8664
20.328,-37.750,-2.8661
20.040,-37.827,-2.8671
19.465,-37.994,-2.8647
19.173,-38.080,-2.8628
18.892,-38.158,-2.8652
18.598,-38.240,-2.8652
18.307,-38.322,-2.8576
17.753,-38.483,-2.8620
17.548,-38.550,-2.8582
17.248,-38.627,-2.8630
16.963,-38.714,-2.8689
16.676,-38.791,-2.8619
16.380,-38.877,-2.8639
16.096,-38.958,-2.8645
15.803,-39.045,-2.8652
15.518,-39.121,-2.8687
15.223,-39.205,-2.8723
14.921,-39.287,-2.8715
14.640,-39.365,-2.8697
14.374,-39.437,-2.8685
14.089,-39.521,-2.8661
13.799,-39.601,-2.8615
13.513,-39.684,-2.8693
13.234,-39.765,-2.8739
12.941,-39.842,-2.8768
12.657,-39.914,-2.8851
12.657,-39.914,-2.8851
12.367,-39.995,-2.8832
11.223,-40.293,-2.8829
11.085,-40.332,3.0940
10.772,-40.413,2.1207
10.945,-39.927,1.8124
10.927,-39.810,1.3677
10.931,-39.705,1.7162
10.921,-39.689,1.8610
10.899,-39.615,1.8789
10.612,-38.757,1.8707
10.407,-38.060,1.8674
10.010,-36.742,1.8610
9.780,-35.954,1.8594
9.644,-35.513,1.8545
9.586,-35.294,1.8505
9.523,-35.072,1.8439
9.340,-34.421,1.8441
9.162,-33.792,1.8442
9.105,-33.578,1.8465
9.078,-33.484,1.8423
8.779,-32.439,1.8401
8.486,-31.364,1.8396
8.375,-30.934,1.8317
8.315,-30.714,1.8303
8.029,-29.631,1.8287
7.737,-28.543,1.8282
7.463,-27.477,1.8253
7.405,-27.256,1.8178
7.353,-27.030,1.8139
7.302,-26.818,1.8116
7.033,-25.743,1.8149
6.767,-24.660,1.8144
6.493,-23.580,1.8121
6.353,-22.999,1.8119
6.310,-22.801,1.8007
6.277,-22.669,1.7992
6.021,-21.564,1.8465
5.957,-21.296,1.8710
5.902,-21.361,1.9810
5.766,-21.018,1.9972
5.600,-20.594,1.9346
5.448,-20.176,1.9353
5.286,-19.743,1.9301
5.200,-19.533,1.9390
5.036,-19.095,1.9257
4.951,-18.888,1.9260
4.736,-18.258,1.9246
4.648,-18.044,1.9241
4.255,-16.979,1.9260
3.859,-15.927,1.9234
3.801,-15.739,1.9192
3.646,-15.323,1.9081
3.495,-14.887,1.9119
3.125,-13.834,1.9007
3.054,-13.634,1.9007
2.719,-12.615,1.8993
2.560,-12.155,1.8961
2.409,-11.734,1.9045
2.345,-11.532,1.9006
2.273,-11.329,1.9004
1.912,-10.262,1.9039
1.497,-9.068,1.9006
1.420,-8.859,1.8930
1.361,-8.664,1.8821
1.019,-7.588,1.8821
1.007,-7.544,1.8795
0.970,-7.460,1.8741
0.645,-6.418,1.8745
0.453,-5.780,1.8740
0.384,-5.559,1.8725
0.307,-5.341,1.8896
0.243,-5.128,1.8769
0.168,-4.914,1.8736
0.108,-4.684,1.8758
0.016,-4.408,1.8629
-0.045,-4.214,1.8614
-0.108,-3.997,1.8448
-0.163,-3.778,1.8391
-0.222,-3.564,1.8485
-0.343,-3.130,1.8572
-0.539,-2.485,1.8543
-0.592,-2.320,1.8540
-0.668,-2.030,1.8422
-0.810,-1.525,1.8168
-0.848,-1.375,1.8419
-0.833,-1.363,-1.0100
-0.805,-1.538,-0.1904
-0.796,-1.547,-0.0733
-0.375,-1.466,0.2029
-0.156,-1.413,0.2063
0.936,-1.180,0.2150
1.153,-1.140,0.2063
1.358,-1.088,0.2045
1.581,-1.049,0.1943
1.813,-0.998,0.1966
2.602,-0.855,0.1954
2.802,-0.800,0.1932
3.841,-0.602,0.2011
