# 路線 A→M1, 144.3 m  (x,y,yaw_rad)
3.391,0.693,-1.5189
3.335,0.595,-1.9193
3.431,0.541,-2.3773
3.368,0.555,-2.6213
3.216,0.525,-2.6500
2.110,-0.107,-2.6272
1.067,-0.725,-2.6099
0.678,-0.965,-2.6062
0.589,-1.020,0.5721
0.896,-0.828,0.5658
1.911,-0.182,0.5682
2.359,0.103,0.6064
2.177,-0.006,-2.5832
1.179,-0.631,-2.5823
0.352,-1.155,-2.5637
-0.133,-1.457,-2.5170
-0.142,-1.518,-2.3011
-0.110,-1.560,-1.2044
-0.039,-1.592,-1.1939
0.335,-2.676,-1.1785
0.729,-3.718,-1.1750
0.784,-3.721,-1.0974
0.814,-3.634,1.3039
0.808,-3.601,1.9745
0.776,-3.546,2.5539
0.709,-3.545,2.9826
0.678,-3.543,-2.8179
0.631,-3.572,-2.2173
0.625,-3.597,-1.6045
0.601,-3.688,-1.5452
0.672,-3.731,-1.5688
0.653,-4.439,-1.5360
0.627,-5.008,-1.4531
0.648,-5.031,-1.3444
0.925,-5.875,-1.2527
1.145,-6.577,-1.2618
1.216,-6.795,-1.2582
1.359,-7.259,-1.2530
1.749,-8.424,-1.2454
1.821,-8.630,-1.2359
2.191,-9.684,-1.2327
2.614,-10.866,-1.2336
2.851,-11.556,-1.2325
2.928,-11.790,-1.2426
3.102,-12.274,-1.2377
3.173,-12.507,-1.2417
3.419,-13.200,-1.2404
3.497,-13.453,-1.2390
3.592,-13.704,-1.2496
3.663,-13.929,-1.2403
3.734,-14.147,-1.2584
3.814,-14.379,-1.2578
3.964,-14.855,-1.2506
4.038,-15.088,-1.2496
4.433,-16.253,-1.2426
4.591,-16.714,-1.2430
4.676,-16.947,-1.2395
4.742,-17.158,-1.2334
4.822,-17.383,-1.2373
5.063,-18.059,-1.2325
5.120,-18.227,-1.2326
5.159,-18.343,-1.2487
5.234,-18.555,-1.2548
5.590,-19.637,-1.2537
5.737,-20.114,-1.2588
5.814,-20.338,-1.2583
6.038,-21.048,-1.2620
6.118,-21.273,-1.2626
6.332,-21.979,-1.2630
6.480,-22.430,-1.2719
6.555,-22.674,-1.2778
6.622,-22.907,-1.2838
6.970,-24.094,-1.2864
7.034,-24.310,-1.2817
7.099,-24.535,-1.2753
7.243,-24.997,-1.2753
7.316,-25.233,-1.2733
7.593,-26.145,-1.2734
7.660,-26.364,-1.2753
8.017,-27.523,-1.2748
8.378,-28.720,-1.2755
8.453,-28.965,-1.2819
8.519,-29.189,-1.2807
8.581,-29.419,-1.2847
8.658,-29.658,-1.2928
9.008,-30.853,-1.2919
9.335,-32.051,-1.2916
9.468,-32.516,-1.3013
9.546,-32.754,-1.2979
9.862,-33.945,-1.2985
10.197,-35.129,-1.3039
10.266,-35.374,-1.2802
10.325,-35.604,-1.2445
10.697,-36.736,-1.1996
10.809,-36.939,-1.1056
10.948,-37.126,-1.0046
11.597,-38.139,-1.0069
12.097,-38.939,-1.0140
12.724,-39.967,-1.0210
13.349,-40.983,-1.0235
13.486,-41.221,-1.0237
13.437,-41.138,2.1495
13.470,-41.191,2.1380
13.037,-40.506,2.1374
12.781,-40.114,2.1362
12.675,-39.941,2.1384
12.587,-39.801,2.1231
12.566,-39.797,-1.0247
13.202,-40.804,-0.9908
13.676,-41.609,-0.9527
13.739,-41.543,-0.7995
13.787,-41.513,0.4909
13.865,-41.486,0.3379
13.986,-41.443,0.3279
14.869,-41.146,0.3274
15.090,-41.070,0.3284
15.313,-40.995,0.3300
15.544,-40.912,0.3290
15.995,-40.760,0.3254
16.209,-40.688,0.3222
16.672,-40.536,0.3191
16.870,-40.470,0.3145
17.329,-40.320,0.3211
17.524,-40.261,0.3206
18.381,-39.968,0.3228
18.483,-39.934,0.3221
18.556,-39.909,0.3098
18.985,-39.773,0.3100
19.204,-39.704,0.3094
19.426,-39.632,0.3168
19.660,-39.556,0.3169
19.891,-39.476,0.3156
20.121,-39.403,0.3124
20.349,-39.331,0.3093
20.573,-39.261,0.3127
20.790,-39.189,0.3155
21.243,-39.041,0.3152
21.476,-38.963,0.3126
21.704,-38.893,0.3061
21.932,-38.820,0.3036
22.131,-38.760,0.3029
22.354,-38.687,0.3071
22.579,-38.619,0.3084
22.800,-38.544,0.3083
23.028,-38.474,0.3117
23.254,-38.401,0.3040
23.873,-38.202,0.3070
24.355,-38.056,0.3065
24.488,-38.011,0.3048
24.850,-37.896,0.3190
25.070,-37.826,0.3289
25.738,-37.600,0.3580
25.812,-37.560,0.3810
26.003,-37.464,0.4613
26.167,-37.386,0.4609
26.577,-37.183,0.4610
26.787,-37.075,0.4626
27.000,-36.969,0.4608
27.380,-36.782,0.4542
27.586,-36.682,0.4553
28.391,-36.292,0.4553
28.428,-36.270,0.4529
28.600,-36.184,0.4553
29.030,-35.979,0.4497
29.243,-35.875,0.4455
29.452,-35.776,0.4411
29.891,-35.568,0.4398
30.099,-35.475,0.4402
30.521,-35.274,0.4397
30.737,-35.170,0.4417
30.953,-35.068,0.4409
31.380,-34.868,0.4422
31.595,-34.767,0.4428
31.798,-34.668,0.4444
32.239,-34.458,0.4456
32.449,-34.360,0.4425
32.881,-34.153,0.4396
33.094,-34.054,0.4369
33.319,-33.950,0.4301
33.756,-33.749,0.4292
34.495,-33.412,0.4321
34.534,-33.395,0.4207
35.098,-33.130,0.4622
35.118,-33.140,0.3762
35.111,-33.106,0.3065
35.796,-32.897,0.3070
36.468,-32.696,0.2867
37.063,-32.523,0.2816
37.291,-32.463,0.2750
37.694,-32.348,0.2744
38.649,-32.081,0.2773
39.093,-31.952,0.2762
39.317,-31.886,0.2772
39.705,-31.777,0.2759
40.173,-31.647,0.2714
40.398,-31.583,0.2723
40.596,-31.530,0.2704
41.080,-31.394,0.2655
41.315,-31.331,0.2625
41.554,-31.268,0.2532
42.021,-31.147,0.2518
42.494,-31.028,0.2496
42.721,-30.969,0.2497
43.183,-30.853,0.2500
43.414,-30.792,0.2504
44.350,-30.554,0.2503
44.409,-30.537,0.2484
44.519,-30.511,0.2470
45.226,-30.332,0.2458
45.466,-30.272,0.2465
45.919,-30.159,0.2431
46.160,-30.099,0.2450
46.616,-29.988,0.2437
46.853,-29.926,0.2429
47.323,-29.809,0.2430
47.555,-29.753,0.2388
47.785,-29.698,0.2386
48.255,-29.584,0.2370
48.489,-29.526,0.2357
48.958,-29.414,0.2342
49.188,-29.361,0.2307
49.420,-29.306,0.2744
49.887,-29.197,0.2635
50.514,-28.976,0.2645
50.528,-29.000,0.2775
50.735,-28.950,0.2395
51.177,-28.830,0.2730
51.419,-28.755,0.2826
51.871,-28.624,0.2908
52.103,-28.553,0.2903
52.324,-28.487,0.3029
52.555,-28.415,0.3122
53.010,-28.268,0.3177
53.236,-28.187,0.3251
53.462,-28.112,0.3282
54.141,-27.881,0.3243
54.361,-27.808,0.3256
54.600,-27.729,0.3204
54.825,-27.652,0.3184
55.053,-27.578,0.3164
55.514,-27.428,0.3180
55.742,-27.355,0.3158
55.965,-27.277,0.3135
56.429,-27.129,0.3140
56.878,-26.985,0.3071
57.103,-26.913,0.3057
57.326,-26.845,0.3088
57.779,-26.703,0.3096
58.007,-26.625,0.3102
58.237,-26.550,0.3122
58.464,-26.481,0.3064
58.683,-26.411,0.3051
58.906,-26.341,0.3086
59.135,-26.267,0.3042
59.366,-26.193,0.3058
59.831,-26.050,0.3038
60.060,-25.976,0.3008
60.292,-25.904,0.3015
60.515,-25.837,0.2974
60.742,-25.767,0.2949
60.969,-25.698,0.2965
61.200,-25.629,0.2941
61.431,-25.557,0.2925
62.576,-25.212,0.2833
62.673,-25.185,0.2577
62.692,-25.194,0.5364
62.680,-25.228,0.8777
62.684,-25.147,0.9395
62.894,-24.919,0.5381
62.863,-24.960,0.4453
63.527,-24.722,0.3250
63.750,-24.639,0.3476
63.982,-24.552,0.3498
64.206,-24.474,0.3520
64.652,-24.312,0.3502
65.769,-23.897,0.3487
66.246,-23.725,0.3472
67.131,-23.410,0.3398
66.939,-23.484,0.3491
66.983,-23.468,0.3537
67.901,-23.122,0.3510
68.116,-23.047,0.3486
68.568,-22.888,0.3374
68.792,-22.810,0.3386
69.019,-22.730,0.3353
69.242,-22.650,0.3349
69.458,-22.578,0.3338
69.675,-22.503,0.3321
69.896,-22.426,0.3306
70.126,-22.345,0.3325
70.358,-22.269,0.3281
70.572,-22.193,0.3257
71.035,-22.038,0.3270
71.255,-21.964,0.3264
71.479,-21.889,0.3296
71.702,-21.810,0.3294
72.149,-21.657,0.3316
72.937,-21.389,0.3281
72.945,-21.384,0.3290
72.950,-21.386,0.3208
73.070,-21.343,0.3134
73.175,-21.310,0.3235
73.322,-21.261,0.3203
74.267,-20.944,0.3210
74.845,-20.754,0.3211
74.866,-20.747,0.3109
75.011,-20.700,0.3025
75.459,-20.561,0.3007
75.927,-20.416,0.2959
76.152,-20.349,0.2914
76.372,-20.285,0.2842
76.610,-20.216,0.2842
77.528,-19.949,0.2847
77.753,-19.881,0.2855
77.989,-19.811,0.2870
78.213,-19.746,0.2872
78.662,-19.614,0.2890
78.878,-19.549,0.2879
79.110,-19.478,0.2877
79.344,-19.411,0.2835
79.795,-19.279,0.2990
80.731,-19.009,0.3027
80.724,-18.981,0.3178
80.756,-18.970,0.3974
81.407,-18.749,0.3778
81.658,-18.620,0.3812
81.874,-18.525,0.4109
82.300,-18.351,0.3912
82.525,-18.261,0.3864
82.748,-18.170,0.3830
82.969,-18.079,0.3850
83.627,-17.816,0.3848
83.837,-17.730,0.3808
84.061,-17.638,0.3800
84.494,-17.469,0.3779
84.937,-17.293,0.3767
85.154,-17.207,0.3788
85.383,-17.116,0.3744
85.604,-17.027,0.3744
86.043,-16.858,0.3706
86.262,-16.771,0.3694
86.706,-16.601,0.3725
86.924,-16.516,0.3742
87.362,-16.343,0.3739
87.574,-16.256,0.3682
88.021,-16.085,0.3621
88.245,-16.006,0.3569
88.687,-15.841,0.3557
88.908,-15.759,0.3569
89.352,-15.591,0.3596
89.789,-15.430,0.3608
90.227,-15.262,0.3611
90.438,-15.182,0.3630
90.660,-15.097,0.3598
90.882,-15.015,0.3571
91.766,-14.683,0.3562
91.981,-14.606,0.3579
92.205,-14.522,0.3486
92.642,-14.357,0.3485
93.087,-14.203,0.3440
93.537,-14.041,0.3420
93.754,-13.967,0.3451
93.982,-13.880,0.3457
94.206,-13.801,0.3391
94.421,-13.722,0.3361
95.321,-13.415,0.3342
95.539,-13.336,0.3331
95.762,-13.260,0.3352
96.217,-13.101,0.3288
96.427,-13.029,0.3152
96.863,-12.885,0.3098
