# 路線 B→A, 447.9 m  (x,y,yaw_rad)
338.922,106.016,0.2516
339.158,106.079,0.2537
339.362,106.130,0.2105
339.406,106.143,0.2470
339.416,106.121,0.7720
339.416,106.144,1.9076
339.407,106.175,2.1101
339.386,106.199,2.3825
339.360,106.215,-3.0519
339.332,106.224,-3.0609
339.235,106.159,-2.5389
339.242,106.187,-2.2624
339.161,106.079,-1.8757
339.121,105.969,-2.1781
339.156,105.909,-2.5466
339.030,105.882,-2.8206
338.801,105.835,-2.9336
338.569,105.786,-2.9363
338.337,105.736,-2.9364
338.096,105.688,-2.9372
337.865,105.640,-2.9384
337.625,105.590,-2.9363
337.425,105.548,-2.9325
337.388,105.541,-2.9377
337.229,105.505,-2.9311
337.005,105.462,-2.9328
336.765,105.407,-2.9343
336.527,105.358,-2.9355
336.287,105.307,-2.9389
336.022,105.256,-2.9309
335.746,105.198,-2.9352
335.451,105.128,-2.9890
335.143,105.067,-3.0059
334.850,105.076,-3.0300
334.490,105.026,-3.0385
334.194,104.987,-2.9933
333.906,104.939,-2.9804
333.640,104.895,-2.9687
333.364,104.843,-2.9354
333.296,104.830,-2.8108
333.283,104.809,-1.9745
333.290,104.775,-0.8087
333.323,104.748,-0.5242
333.380,104.742,-0.3444
333.403,104.739,-0.5635
333.409,104.732,-1.0405
333.410,104.693,-1.3193
333.440,104.640,-1.3217
333.498,104.369,-1.3039
333.600,103.981,-1.3179
333.691,103.664,-1.3083
333.776,103.338,-1.3086
333.853,103.050,-1.3151
333.934,102.739,-1.3166
334.114,102.047,-1.3149
334.194,101.730,-1.3103
334.226,101.624,-1.3094
334.308,101.335,-1.3060
334.377,101.062,-1.3122
334.451,100.784,-1.3177
334.526,100.490,-1.3126
334.588,100.253,-1.3062
334.675,99.933,-1.3047
334.794,99.518,-1.2952
334.848,99.309,-1.2937
334.957,98.947,-1.2956
335.003,98.781,-1.2875
335.069,98.543,-1.2905
335.138,98.313,-1.2835
335.207,98.080,-1.2799
335.268,97.883,-1.2842
335.395,97.453,-1.2810
335.448,97.259,-1.2819
335.566,96.876,-1.2808
335.625,96.682,-1.2704
335.684,96.486,-1.3414
335.747,96.294,-1.5005
335.767,96.012,-2.7396
335.676,95.966,2.9596
335.049,96.216,2.8442
334.129,96.592,2.8847
333.633,96.666,2.9503
333.315,96.586,-3.1176
333.270,96.561,-2.9806
333.024,96.565,-2.9541
332.897,96.547,-2.9575
332.253,96.384,-2.9674
332.242,96.369,-2.9739
332.164,96.414,3.0536
332.077,96.408,-2.8086
331.887,96.417,-2.5254
331.644,96.162,-2.1657
331.644,96.045,-1.8358
331.674,95.813,-1.4627
331.689,95.685,-1.4076
331.708,95.568,-1.3819
331.742,95.446,-1.3643
331.773,95.299,-1.3297
331.803,95.142,-1.3234
331.881,94.864,-1.3207
331.961,94.579,-1.3232
332.292,93.265,-1.3258
332.560,92.147,-1.3276
332.768,91.317,-1.3321
332.827,91.088,-1.3991
332.831,91.050,-1.7964
332.747,91.065,2.8139
332.724,91.124,2.9610
332.711,91.128,-3.1316
332.548,91.102,-2.9917
332.287,91.061,-3.0035
332.005,91.016,-3.0656
330.922,90.879,-2.8656
330.662,90.958,-2.8324
330.576,90.576,-2.7042
330.175,90.431,-2.6906
329.633,90.276,-2.8531
328.738,90.026,-2.8654
328.063,89.830,-2.8697
327.788,89.755,-2.8746
327.367,89.644,-2.8819
327.145,89.590,-2.8877
326.930,89.529,-2.8880
326.656,89.461,-2.8780
326.325,89.374,-2.8794
325.987,89.278,-2.8688
325.637,89.182,-2.8707
325.294,89.080,-2.8768
324.940,88.990,-2.8793
324.597,88.901,-2.8848
324.245,88.808,-2.8749
323.898,88.713,-2.8626
323.557,88.612,-2.8502
323.211,88.504,-2.8392
322.868,88.395,-2.8254
322.527,88.286,-2.8144
322.181,88.161,-2.7950
321.847,88.041,-2.7911
321.524,87.910,-2.7961
321.195,87.799,-2.7993
320.858,87.685,-2.8118
320.517,87.567,-2.8118
320.174,87.448,-2.8103
319.843,87.336,-2.8135
319.519,87.225,-2.8163
318.850,87.000,-2.8249
318.521,86.890,-2.8281
318.184,86.792,-2.8325
317.864,86.688,-2.8313
317.526,86.577,-2.8279
317.185,86.462,-2.8239
316.836,86.355,-2.8247
316.191,86.138,-2.8251
315.853,86.028,-2.8209
314.769,85.671,-2.8230
314.724,85.653,-2.8286
314.466,85.569,-2.8332
313.809,85.367,-2.8319
313.472,85.258,-2.8309
313.138,85.146,-2.8236
312.806,85.036,-2.8265
312.481,84.929,-2.8283
312.133,84.821,-2.8295
311.794,84.710,-2.8308
311.121,84.493,-2.8306
310.797,84.389,-2.8301
310.472,84.287,-2.8374
310.143,84.179,-2.8378
309.789,84.075,-2.8379
309.467,83.972,-2.8415
309.118,83.863,-2.8370
308.763,83.752,-2.8388
308.435,83.649,-2.8420
308.092,83.542,-2.8445
307.738,83.437,-2.8462
307.407,83.337,-2.8452
307.076,83.235,-2.8441
306.391,83.023,-2.8435
306.054,82.921,-2.8430
305.711,82.816,-2.8427
305.375,82.712,-2.8438
305.042,82.607,-2.8438
304.706,82.507,-2.8463
304.366,82.403,-2.8488
303.695,82.200,-2.8503
303.353,82.098,-2.8512
303.011,81.998,-2.8498
302.677,81.898,-2.8472
302.354,81.798,-2.8479
302.016,81.692,-2.8467
301.720,81.608,-2.8534
301.378,81.503,-2.8561
301.043,81.409,-2.8542
300.366,81.208,-2.8557
300.023,81.106,-2.8522
299.688,81.007,-2.8543
299.344,80.903,-2.8521
299.013,80.808,-2.8584
298.680,80.706,-2.8618
298.345,80.616,-2.8649
298.014,80.521,-2.8698
297.671,80.427,-2.8626
297.335,80.331,-2.8619
296.998,80.230,-2.8629
296.670,80.135,-2.8625
296.325,80.042,-2.8608
295.986,79.945,-2.8682
295.653,79.842,-2.8669
295.323,79.757,-2.8678
294.995,79.667,-2.8719
294.654,79.571,-2.8679
294.315,79.472,-2.8662
293.970,79.377,-2.8655
293.631,79.282,-2.8722
293.283,79.182,-2.8719
292.957,79.097,-2.8783
292.608,79.001,-2.8808
292.265,78.914,-2.8811
291.937,78.823,-2.8793
291.252,78.643,-2.8418
290.063,78.318,-2.8320
290.096,78.243,-2.7881
289.819,78.146,-2.6598
289.501,77.997,-2.7383
289.179,77.856,-2.7207
288.855,77.714,-2.7202
288.229,77.434,-2.7207
287.917,77.287,-2.7216
287.605,77.151,-2.7214
286.968,76.871,-2.7255
286.734,76.766,-2.7241
286.476,76.650,-2.7230
286.173,76.516,-2.7297
285.866,76.381,-2.7292
285.511,76.232,-2.7317
285.196,76.090,-2.7489
284.454,75.769,-2.7764
284.432,75.787,-2.8248
284.428,75.818,-1.9770
284.442,75.843,-0.7424
284.442,75.743,-1.0150
284.529,75.698,-1.1718
284.579,75.576,-1.1475
284.680,75.279,-1.2329
284.781,74.992,-1.2371
284.881,74.696,-1.2322
284.969,74.450,-1.2361
285.077,74.149,-1.2470
285.429,73.128,-1.2562
285.414,73.110,-1.2778
285.452,72.965,-1.3524
285.529,72.651,-1.3317
285.615,72.288,-1.3345
285.698,71.943,-1.3300
285.782,71.593,-1.3249
285.863,71.293,-1.3241
285.951,70.949,-1.3191
286.023,70.650,-1.3263
286.112,70.310,-1.3289
286.192,69.972,-1.3282
286.278,69.624,-1.3332
286.361,69.286,-1.3313
286.444,68.940,-1.3301
286.527,68.602,-1.3339
286.615,68.254,-1.3331
286.693,67.911,-1.3339
286.777,67.567,-1.3364
286.860,67.223,-1.3314
286.945,66.872,-1.3321
287.032,66.520,-1.3336
287.116,66.171,-1.3342
287.277,65.500,-1.3343
287.445,64.797,-1.3187
287.816,63.270,-1.2969
287.860,63.287,-1.2819
288.237,62.081,-1.2565
288.558,61.049,-1.2675
288.977,59.698,-1.2662
289.512,58.007,-1.2650
289.512,58.007,-1.2650
290.026,56.393,-1.2629
290.053,56.314,-1.2685
290.029,56.390,1.8856
289.778,57.152,1.8877
289.595,57.042,-1.3004
290.068,55.326,-1.3026
290.156,54.997,-1.3079
290.249,54.643,-1.3248
290.334,54.295,-1.3209
290.559,53.373,-1.3534
290.583,53.324,-1.4105
290.540,53.327,-2.9872
290.480,53.392,-3.0108
290.276,53.330,-2.9586
289.958,53.242,-2.8796
289.616,53.156,-2.8855
289.269,53.068,-2.8918
288.920,52.974,-2.8945
288.566,52.887,-2.8983
288.213,52.802,-2.9009
287.855,52.717,-2.8892
287.479,52.621,-2.8815
287.145,52.520,-2.8729
286.812,52.429,-2.8676
286.446,52.329,-2.8759
286.113,52.237,-2.8747
285.421,52.051,-2.8746
285.081,51.955,-2.8720
284.737,51.861,-2.8735
284.401,51.764,-2.8750
284.049,51.674,-2.8731
283.713,51.582,-2.8788
283.371,51.485,-2.8725
283.025,51.394,-2.8707
282.679,51.296,-2.8719
282.342,51.201,-2.8720
282.000,51.106,-2.8763
281.651,51.014,-2.8823
281.321,50.927,-2.8822
280.971,50.837,-2.8720
280.629,50.743,-2.8677
280.297,50.640,-2.8523
279.952,50.543,-2.8420
279.265,50.330,-2.8396
278.926,50.216,-2.8282
278.596,50.110,-2.8141
278.261,49.995,-2.8154
277.925,49.875,-2.8152
277.595,49.766,-2.8179
277.252,49.655,-2.8254
276.918,49.544,-2.8227
276.254,49.328,-2.8258
275.931,49.217,-2.8247
275.255,49.003,-2.8246
274.932,48.893,-2.8303
274.592,48.782,-2.8235
274.254,48.677,-2.8317
273.923,48.564,-2.8306
273.590,48.463,-2.8297
273.259,48.354,-2.8363
272.919,48.247,-2.8329
272.239,48.033,-2.8364
271.920,47.931,-2.8368
271.576,47.824,-2.8345
271.254,47.723,-2.8377
270.924,47.616,-2.8345
270.594,47.515,-2.8313
270.265,47.408,-2.8372
269.934,47.300,-2.8363
269.586,47.196,-2.8371
269.252,47.092,-2.8417
268.927,46.988,-2.8380
268.586,46.883,-2.8390
268.251,46.778,-2.8411
267.927,46.678,-2.8382
267.598,46.576,-2.8393
267.353,46.497,-2.8370
267.218,46.456,-2.8351
266.932,46.365,-2.8446
266.608,46.262,-2.8438
266.260,46.162,-2.8497
265.931,46.061,-2.8526
265.597,45.964,-2.8445
265.270,45.865,-2.8517
264.941,45.759,-2.8469
264.607,45.666,-2.8471
264.272,45.562,-2.8518
263.935,45.460,-2.8465
263.611,45.362,-2.8477
263.265,45.258,-2.8462
262.942,45.160,-2.8444
262.615,45.058,-2.8542
262.288,44.957,-2.8536
261.606,44.767,-2.8542
261.270,44.664,-2.8568
260.942,44.564,-2.8495
260.613,44.466,-2.8502
260.281,44.369,-2.8550
259.952,44.269,-2.8549
259.618,44.174,-2.8600
258.948,43.976,-2.8582
258.614,43.887,-2.8613
258.280,43.782,-2.8616
257.941,43.691,-2.8500
257.611,43.591,-2.8549
257.293,43.490,-2.8452
256.962,43.394,-2.8475
256.631,43.291,-2.8524
256.293,43.192,-2.8499
255.969,43.096,-2.8496
255.644,42.998,-2.8497
255.324,42.898,-2.8493
254.989,42.800,-2.8518
254.659,42.702,-2.8521
254.331,42.606,-2.8529
254.004,42.505,-2.8552
253.681,42.412,-2.8526
253.356,42.318,-2.8448
253.030,42.220,-2.8359
252.706,42.107,-2.8111
252.384,42.002,-2.7987
251.735,41.762,-2.7880
251.418,41.644,-2.7792
251.104,41.516,-2.7803
250.789,41.398,-2.7777
250.472,41.285,-2.7930
250.156,41.163,-2.7914
249.193,40.822,-2.7928
248.887,40.703,-2.7986
248.563,40.591,-2.7899
248.240,40.479,-2.7973
247.929,40.358,-2.7936
247.616,40.247,-2.7927
247.296,40.131,-2.7969
246.968,40.016,-2.7957
246.653,39.900,-2.7969
246.336,39.786,-2.7926
246.018,39.672,-2.7954
245.702,39.555,-2.7967
245.069,39.328,-2.7971
244.756,39.218,-2.7987
244.444,39.108,-2.8039
244.128,38.993,-2.8011
243.813,38.887,-2.8025
243.501,38.774,-2.8023
243.188,38.665,-2.7977
242.876,38.551,-2.8038
242.557,38.438,-2.8042
242.241,38.331,-2.8080
241.926,38.222,-2.8139
241.601,38.110,-2.8119
240.969,37.898,-2.8128
240.767,37.827,-2.8129
240.742,37.818,-2.8109
240.551,37.751,-2.8149
239.309,37.328,-2.8160
239.001,37.228,-2.8167
238.687,37.124,-2.8220
238.369,37.017,-2.8140
238.059,36.914,-2.8174
237.751,36.804,-2.8207
237.426,36.701,-2.8233
237.108,36.598,-2.8255
236.785,36.494,-2.8257
236.466,36.383,-2.8208
236.143,36.281,-2.8167
235.835,36.174,-2.8214
235.517,36.067,-2.8166
235.193,35.961,-2.8188
234.867,35.851,-2.8202
234.556,35.746,-2.8272
233.920,35.536,-2.8248
233.324,35.353,-2.8256
232.372,35.033,-2.8273
232.105,34.945,-2.8216
232.018,34.918,-2.8339
231.741,34.829,-2.8361
231.422,34.731,-2.8368
231.097,34.627,-2.8395
230.781,34.528,-2.8357
230.468,34.432,-2.8410
230.150,34.330,-2.8413
229.491,34.130,-2.8401
229.176,34.031,-2.8468
228.856,33.931,-2.8458
228.526,33.836,-2.8475
228.204,33.737,-2.8516
227.879,33.638,-2.8498
227.563,33.545,-2.8476
227.248,33.453,-2.8512
226.935,33.353,-2.8492
226.611,33.259,-2.8492
226.301,33.165,-2.8544
225.976,33.070,-2.8556
225.659,32.976,-2.8561
225.335,32.884,-2.8574
225.025,32.791,-2.8573
224.704,32.698,-2.8569
224.391,32.606,-2.8560
224.078,32.516,-2.8537
223.760,32.419,-2.8569
223.441,32.324,-2.8527
223.114,32.232,-2.8577
222.800,32.137,-2.8607
222.481,32.046,-2.8589
222.156,31.953,-2.8614
221.853,31.866,-2.8592
221.535,31.772,-2.8579
220.900,31.587,-2.8606
220.587,31.496,-2.8617
220.273,31.410,-2.8629
219.779,31.268,-2.8626
219.503,31.187,-2.8633
219.478,31.178,-2.8719
219.259,31.120,-2.8833
218.948,31.038,-2.8798
218.634,30.958,-2.8771
218.314,30.867,-2.8818
217.989,30.776,-2.8794
217.674,30.699,-2.8703
216.512,30.388,-2.8637
216.501,30.362,-2.8384
216.473,30.343,-2.5817
216.397,30.300,-2.6237
216.187,30.185,-2.6311
215.948,30.047,-2.6306
215.666,29.892,-2.6329
215.367,29.722,-2.6358
215.085,29.570,-2.6319
214.796,29.409,-2.6303
214.519,29.251,-2.6280
214.235,29.087,-2.6253
213.950,28.930,-2.6240
213.804,28.846,-2.6497
213.778,28.829,-2.6874
213.671,28.785,-2.7144
213.398,28.660,-2.7211
213.233,28.586,-2.7150
213.214,28.577,-2.7170
213.217,28.579,-2.7027
214.176,25.573,-2.8582
213.734,25.446,-2.8588
213.521,25.382,-2.8555
213.305,25.319,-2.8539
212.851,25.183,-2.8507
212.631,25.120,-2.8500
212.404,25.048,-2.8492
212.185,24.983,-2.8468
211.740,24.849,-2.8491
211.301,24.716,-2.8482
211.082,24.650,-2.8480
210.215,24.388,-2.8478
209.765,24.252,-2.8475
209.332,24.120,-2.8439
209.114,24.054,-2.8429
208.227,23.778,-2.8416
208.008,23.711,-2.8392
207.790,23.643,-2.8402
207.571,23.573,-2.8407
206.906,23.368,-2.8427
206.690,23.302,-2.8432
206.469,23.236,-2.8450
206.241,23.163,-2.8416
205.582,22.963,-2.8379
205.367,22.892,-2.8383
205.147,22.822,-2.8448
204.925,22.751,-2.8449
204.487,22.628,-2.8475
204.266,22.556,-2.8425
204.060,22.493,-2.8313
203.397,22.280,-2.8377
203.176,22.208,-2.8344
202.950,22.143,-2.8354
202.731,22.071,-2.8331
202.504,21.998,-2.8265
202.288,21.925,-2.8226
202.069,21.856,-2.8188
201.852,21.781,-2.8182
201.208,21.564,-2.8183
200.765,21.414,-2.8211
200.549,21.347,-2.8362
200.344,21.280,-2.8450
199.691,21.086,-2.8475
199.471,21.019,-2.8483
199.019,20.883,-2.8454
198.589,20.750,-2.8470
198.357,20.679,-2.8452
198.134,20.613,-2.8455
197.694,20.479,-2.8439
197.259,20.344,-2.8415
196.813,20.205,-2.8406
196.600,20.138,-2.8412
196.377,20.070,-2.8427
196.157,20.003,-2.8427
195.930,19.933,-2.8362
195.697,19.860,-2.8296
195.255,19.716,-2.8278
194.802,19.566,-2.8291
194.578,19.494,-2.8302
194.354,19.426,-2.8298
194.132,19.355,-2.8279
193.912,19.279,-2.8279
193.479,19.138,-2.8279
192.825,18.930,-2.8301
192.382,18.787,-2.8303
192.159,18.715,-2.8271
191.933,18.640,-2.8256
191.261,18.421,-2.8284
191.042,18.349,-2.8291
190.393,18.143,-2.8326
189.738,17.931,-2.8312
189.310,17.799,-2.8294
188.433,17.512,-2.8232
188.226,17.443,-2.8210
187.809,17.295,-2.8169
187.376,17.156,-2.8171
187.150,17.080,-2.8214
186.718,16.936,-2.8166
186.491,16.858,-2.8184
186.054,16.711,-2.8155
185.388,16.490,-2.8169
185.162,16.410,-2.8167
184.942,16.337,-2.8145
184.490,16.185,-2.8168
184.271,16.111,-2.8156
184.048,16.035,-2.8173
183.824,15.959,-2.8202
183.602,15.886,-2.8198
183.373,15.811,-2.8178
183.159,15.739,-2.8149
182.933,15.660,-2.8136
182.485,15.508,-2.8102
182.315,15.452,-2.8111
182.094,15.372,-2.8140
181.876,15.297,-2.8109
181.652,15.224,-2.8102
181.420,15.144,-2.8095
180.971,14.986,-2.8081
180.745,14.907,-2.8104
180.301,14.756,-2.8142
179.627,14.528,-2.8458
179.402,14.453,-2.8681
179.067,14.396,-2.7754
179.053,14.406,-2.7370
178.363,14.043,-2.6736
177.946,13.830,-2.6660
177.523,13.616,-2.6674
176.466,13.074,-2.6672
175.621,12.636,-2.6611
175.429,12.537,-2.6826
175.335,12.475,-2.8012
175.160,12.428,-2.8575
174.699,12.309,-2.8878
174.249,12.193,-2.8864
174.021,12.134,-2.8846
173.802,12.074,-2.8749
173.573,12.013,-2.8702
173.110,11.881,-2.8751
172.894,11.821,-2.8757
172.661,11.763,-2.8781
172.442,11.705,-2.8789
172.226,11.643,-2.8744
171.778,11.521,-2.8699
171.543,11.457,-2.8698
171.315,11.391,-2.8730
171.080,11.323,-2.8664
170.630,11.205,-2.8676
170.406,11.135,-2.8669
170.179,11.072,-2.8609
169.954,11.006,-2.8651
169.499,10.879,-2.8667
169.268,10.812,-2.8676
168.807,10.685,-2.8652
168.582,10.620,-2.8625
168.343,10.551,-2.8575
168.126,10.485,-2.8577
167.900,10.420,-2.8575
167.674,10.355,-2.8587
167.460,10.293,-2.8587
166.999,10.158,-2.8580
166.780,10.095,-2.8561
166.548,10.027,-2.8572
166.327,9.960,-2.8578
165.875,9.829,-2.8618
165.653,9.766,-2.8647
165.422,9.704,-2.8594
165.194,9.638,-2.8506
164.751,9.503,-2.8456
164.518,9.426,-2.8456
164.293,9.359,-2.8465
164.065,9.294,-2.8523
163.617,9.158,-2.8476
163.414,9.097,-2.8430
163.195,9.027,-2.8416
162.742,8.887,-2.8392
162.520,8.819,-2.8401
162.296,8.749,-2.8387
162.072,8.678,-2.8353
161.853,8.609,-2.8359
161.630,8.538,-2.8347
161.186,8.398,-2.8349
160.957,8.324,-2.8350
160.719,8.250,-2.8339
160.495,8.178,-2.8369
160.263,8.105,-2.8327
160.040,8.036,-2.8300
159.821,7.963,-2.8315
159.367,7.815,-2.8293
159.146,7.747,-2.8324
158.914,7.672,-2.8327
158.470,7.532,-2.8308
157.802,7.316,-2.8312
157.575,7.242,-2.8288
157.353,7.171,-2.8217
157.131,7.099,-2.8205
156.461,6.871,-2.8186
156.238,6.798,-2.8175
156.019,6.725,-2.8186
155.578,6.577,-2.8190
155.350,6.500,-2.8195
155.119,6.423,-2.8218
154.890,6.348,-2.8264
154.235,6.132,-2.8262
153.781,5.988,-2.8242
153.560,5.915,-2.8251
153.342,5.840,-2.8159
153.120,5.767,-2.8128
152.900,5.690,-2.8122
152.463,5.540,-2.8086
152.238,5.462,-2.8062
152.017,5.386,-2.8079
151.347,5.149,-2.8078
150.922,5.006,-2.8068
150.698,4.928,-2.8060
150.486,4.853,-2.8007
150.045,4.695,-2.8006
149.602,4.538,-2.7976
149.382,4.462,-2.7979
149.167,4.380,-2.7978
148.951,4.303,-2.7988
148.728,4.225,-2.8020
148.510,4.150,-2.8007
148.288,4.070,-2.7988
148.069,3.990,-2.7925
147.846,3.910,-2.7947
147.632,3.831,-2.7962
147.417,3.755,-2.7986
147.200,3.678,-2.8017
146.761,3.523,-2.7973
146.539,3.444,-2.7961
146.108,3.286,-2.7934
145.883,3.204,-2.7866
145.667,3.125,-2.7864
145.234,2.960,-2.7889
144.802,2.801,-2.7883
144.581,2.724,-2.7972
144.376,2.650,-2.7985
144.158,2.574,-2.7945
143.944,2.495,-2.7950
143.738,2.419,-2.7929
143.518,2.340,-2.7925
143.306,2.264,-2.7945
143.090,2.184,-2.7922
142.871,2.106,-2.7904
142.656,2.026,-2.7912
142.435,1.945,-2.7926
142.218,1.865,-2.7943
142.003,1.790,-2.7952
141.789,1.712,-2.7920
141.567,1.632,-2.7825
141.349,1.548,-2.7830
141.134,1.464,-2.7793
140.920,1.386,-2.7816
140.711,1.308,-2.7832
140.265,1.140,-2.7847
140.052,1.058,-2.7828
139.825,0.978,-2.7852
139.603,0.892,-2.7842
139.384,0.812,-2.7812
138.953,0.648,-2.7840
138.739,0.568,-2.7818
138.310,0.409,-2.7825
138.092,0.326,-2.7826
137.661,0.163,-2.7797
137.442,0.082,-2.7810
137.014,-0.082,-2.7797
136.590,-0.240,-2.7680
136.434,-0.302,-2.8527
136.404,-0.325,-2.8854
135.662,-0.484,-2.9006
135.434,-0.543,-2.9102
135.217,-0.601,-2.8873
134.990,-0.658,-2.8844
134.544,-0.774,-2.8844
134.087,-0.897,-2.8843
133.867,-0.956,-2.8816
133.641,-1.013,-2.8843
133.414,-1.075,-2.8858
133.203,-1.130,-2.8801
132.979,-1.188,-2.8777
132.746,-1.253,-2.8769
132.299,-1.376,-2.8759
132.082,-1.434,-2.8757
131.864,-1.492,-2.8787
131.632,-1.556,-2.8748
131.183,-1.676,-2.8754
130.968,-1.738,-2.8737
130.752,-1.795,-2.8720
130.527,-1.860,-2.8733
130.291,-1.923,-2.8717
129.851,-2.046,-2.8748
129.628,-2.106,-2.8746
129.187,-2.226,-2.8763
128.963,-2.286,-2.8776
128.736,-2.348,-2.8762
128.507,-2.409,-2.8735
128.054,-2.534,-2.8741
127.828,-2.598,-2.8612
127.611,-2.657,-2.8484
127.155,-2.798,-2.8463
126.712,-2.939,-2.8423
126.492,-3.004,-2.8437
126.053,-3.137,-2.8498
125.835,-3.204,-2.8451
125.606,-3.271,-2.8427
124.937,-3.479,-2.8429
124.709,-3.552,-2.8430
124.497,-3.615,-2.8450
124.278,-3.680,-2.8467
124.054,-3.749,-2.8469
123.408,-3.947,-2.8447
123.200,-4.009,-2.8456
122.981,-4.077,-2.8450
122.537,-4.212,-2.8424
122.097,-4.347,-2.8384
121.877,-4.417,-2.8258
121.662,-4.489,-2.8326
121.451,-4.567,-2.8439
121.010,-4.694,-2.8411
120.780,-4.754,-2.8489
120.344,-4.898,-2.8397
120.137,-4.963,-2.8268
119.691,-5.105,-2.8714
119.078,-5.308,-2.8406
119.077,-5.249,-2.7633
118.794,-5.380,-2.7374
117.742,-5.880,-2.7058
117.534,-5.968,-2.7014
117.332,-6.061,-2.7082
117.131,-6.163,-2.7038
116.714,-6.356,-2.6942
116.283,-6.554,-2.6984
115.661,-6.863,-2.6945
115.051,-7.150,-2.6904
114.967,-7.193,-2.6934
114.927,-7.211,-2.6873
113.892,-7.714,-2.6880
113.689,-7.815,-2.6840
113.483,-7.917,-2.6373
113.108,-8.107,-2.5905
113.034,-8.187,-2.7460
113.022,-8.225,-2.8028
112.309,-8.407,-2.8631
112.081,-8.469,-2.8912
111.862,-8.522,-2.8853
111.634,-8.580,-2.8914
111.412,-8.642,-2.8898
111.190,-8.696,-2.8855
110.735,-8.812,-2.8881
110.516,-8.873,-2.8870
110.061,-8.992,-2.8798
109.837,-9.049,-2.8828
109.611,-9.113,-2.8829
109.381,-9.174,-2.8773
108.923,-9.293,-2.8845
108.705,-9.355,-2.8833
108.261,-9.468,-2.8732
108.038,-9.528,-2.8722
107.591,-9.660,-2.8648
107.371,-9.723,-2.8609
107.140,-9.787,-2.8680
106.915,-9.852,-2.8656
106.697,-9.910,-2.8680
106.465,-9.980,-2.8685
106.020,-10.101,-2.8664
105.787,-10.168,-2.8647
105.562,-10.231,-2.8612
105.334,-10.301,-2.8578
104.677,-10.488,-2.8531
104.449,-10.559,-2.8582
104.229,-10.627,-2.8537
104.010,-10.687,-2.8570
102.899,-11.014,-2.8567
102.676,-11.077,-2.8540
102.460,-11.145,-2.8530
102.233,-11.213,-2.8494
102.011,-11.278,-2.8514
101.786,-11.345,-2.8511
101.551,-11.416,-2.8516
101.329,-11.483,-2.8446
101.104,-11.548,-2.8426
100.886,-11.620,-2.8406
100.659,-11.691,-2.8329
100.437,-11.760,-2.8353
99.987,-11.905,-2.8370
99.763,-11.975,-2.8363
99.539,-12.043,-2.8369
99.317,-12.113,-2.8381
98.640,-12.329,-2.8346
98.410,-12.399,-2.8369
97.967,-12.541,-2.8350
96.863,-12.885,-2.8318
96.822,-13.060,-2.9561
96.514,-13.119,-2.9588
95.925,-13.227,-2.9591
95.643,-13.278,-2.9414
94.568,-13.476,-2.9244
94.615,-13.504,-2.9121
94.338,-13.577,-2.8583
94.053,-13.649,-2.8980
93.508,-13.784,-2.8993
92.925,-13.924,-2.8911
92.051,-14.143,-2.8837
91.875,-14.206,-2.8709
91.625,-14.281,-2.8545
91.040,-14.447,-2.8665
90.766,-14.522,-2.8676
90.482,-14.599,-2.8729
90.193,-14.683,-2.8706
89.902,-14.761,-2.8673
89.614,-14.842,-2.8706
89.046,-15.003,-2.8719
88.764,-15.080,-2.8389
88.478,-15.154,-2.8280
87.813,-15.404,-2.7929
87.650,-15.456,-2.7699
87.137,-15.672,-2.7588
86.866,-15.782,-2.7528
85.879,-16.183,-2.7545
85.853,-16.192,-2.7564
85.681,-16.265,-2.7568
85.412,-16.372,-2.7607
85.141,-16.482,-2.7635
84.863,-16.589,-2.7629
84.577,-16.704,-2.7640
84.295,-16.816,-2.7616
84.014,-16.929,-2.7615
83.743,-17.036,-2.7576
83.459,-17.151,-2.7541
82.902,-17.379,-2.7518
82.631,-17.494,-2.7552
82.347,-17.610,-2.7575
82.065,-17.718,-2.7608
81.781,-17.832,-2.7687
81.501,-17.946,-2.7657
81.226,-18.048,-2.7621
80.939,-18.162,-2.7659
80.668,-18.276,-2.7645
80.385,-18.386,-2.7664
80.114,-18.489,-2.7694
79.828,-18.600,-2.7722
79.558,-18.709,-2.7723
79.279,-18.815,-2.7725
79.007,-18.917,-2.7782
78.740,-19.021,-2.7744
78.456,-19.128,-2.7697
78.179,-19.238,-2.7738
77.895,-19.351,-2.7691
77.620,-19.452,-2.7730
77.338,-19.565,-2.7772
77.057,-19.671,-2.7744
76.775,-19.778,-2.7789
76.492,-19.886,-2.7790
76.214,-19.992,-2.7788
75.922,-20.102,-2.7828
75.363,-20.314,-2.8033
75.114,-20.403,-2.8161
75.037,-20.406,-2.8459
74.910,-20.443,-2.8580
74.369,-20.617,-2.8365
74.117,-20.693,-2.8317
73.830,-20.786,-2.8326
73.572,-20.871,-2.8262
73.288,-20.962,-2.8275
73.004,-21.056,-2.8335
72.722,-21.146,-2.8355
72.427,-21.236,-2.8369
72.132,-21.327,-2.8377
71.848,-21.420,-2.8334
71.562,-21.510,-2.8292
71.279,-21.601,-2.8331
70.987,-21.697,-2.8363
70.421,-21.875,-2.8397
70.132,-21.960,-2.8441
69.848,-22.047,-2.8462
69.554,-22.136,-2.8422
69.267,-22.226,-2.8519
68.979,-22.316,-2.8533
68.699,-22.389,-2.8542
68.416,-22.474,-2.8578
68.129,-22.562,-2.8450
67.824,-22.653,-2.8388
67.538,-22.744,-2.8439
67.247,-22.839,-2.8419
66.948,-22.925,-2.8412
66.651,-23.016,-2.8462
66.360,-23.109,-2.8412
66.078,-23.195,-2.8436
65.791,-23.283,-2.8524
65.497,-23.370,-2.8571
65.200,-23.454,-2.8566
64.914,-23.535,-2.8601
64.617,-23.627,-2.8555
64.330,-23.708,-2.8542
64.044,-23.795,-2.8588
63.754,-23.878,-2.8557
63.114,-24.064,-2.8607
63.080,-24.075,-2.8593
62.863,-24.135,-2.8545
62.574,-24.220,-2.8626
62.287,-24.308,-2.8593
61.995,-24.386,-2.8585
61.700,-24.473,-2.8643
61.404,-24.561,-2.8587
61.105,-24.644,-2.8619
60.811,-24.730,-2.8641
60.510,-24.814,-2.8621
60.219,-24.898,-2.8636
59.911,-24.987,-2.8650
59.620,-25.070,-2.8637
59.034,-25.233,-2.8635
58.895,-25.276,-2.8650
58.764,-25.315,-2.8644
58.487,-25.391,-2.8649
57.893,-25.558,-2.8653
57.610,-25.641,-2.8668
57.315,-25.725,-2.8670
57.022,-25.805,-2.8639
56.714,-25.890,-2.8705
56.424,-25.979,-2.8726
56.114,-26.059,-2.8691
55.815,-26.137,-2.8746
55.543,-26.218,-2.8750
55.247,-26.301,-2.8692
54.945,-26.379,-2.8756
54.646,-26.464,-2.8778
54.359,-26.540,-2.8728
54.056,-26.623,-2.8720
53.767,-26.703,-2.8711
53.474,-26.788,-2.8700
53.178,-26.868,-2.8733
52.591,-27.030,-2.8784
52.295,-27.108,-2.8730
52.005,-27.184,-2.8739
51.715,-27.270,-2.8734
51.425,-27.350,-2.8720
51.132,-27.427,-2.8788
50.842,-27.505,-2.8822
50.560,-27.581,-2.8816
50.270,-27.657,-2.8800
49.968,-27.737,-2.8812
49.678,-27.817,-2.8822
49.375,-27.897,-2.8795
49.095,-27.968,-2.8854
48.803,-28.049,-2.8884
48.221,-28.198,-2.8858
47.937,-28.269,-2.8954
47.642,-28.348,-2.8936
47.348,-28.415,-2.8897
47.061,-28.492,-2.8932
46.769,-28.569,-2.8827
46.483,-28.643,-2.8860
46.182,-28.724,-2.8888
45.896,-28.796,-2.8900
45.591,-28.874,-2.8919
45.298,-28.947,-2.8929
45.005,-29.024,-2.8926
44.716,-29.096,-2.8924
44.428,-29.169,-2.8954
44.133,-29.243,-2.8938
43.836,-29.318,-2.9022
43.536,-29.394,-2.9016
43.245,-29.458,-2.9082
42.943,-29.535,-2.9043
42.652,-29.599,-2.9015
42.057,-29.752,-2.9029
41.761,-29.821,-2.8991
41.466,-29.894,-2.9068
41.175,-29.964,-2.9072
40.879,-30.034,-2.9074
40.592,-30.101,-2.9072
39.993,-30.246,-2.9050
39.307,-30.411,-2.9032
39.239,-30.429,-2.9029
38.988,-30.490,-2.9073
38.440,-30.623,-2.9092
37.854,-30.757,-2.9114
37.568,-30.825,-2.9144
37.351,-30.874,-2.9137
36.535,-31.064,-2.8853
36.355,-31.105,-2.8724
36.374,-31.138,-2.8369
35.914,-31.270,-2.8293
35.347,-31.437,-2.8572
35.062,-31.523,-2.8535
34.774,-31.606,-2.8463
34.474,-31.697,-2.8451
34.200,-31.786,-2.8464
33.611,-31.966,-2.8479
33.317,-32.048,-2.8555
33.030,-32.134,-2.8584
32.737,-32.217,-2.8580
32.457,-32.302,-2.8599
32.164,-32.384,-2.8016
31.577,-32.555,-2.7674
30.969,-32.842,-2.7216
30.850,-32.933,-2.6386
30.607,-33.080,-2.5905
30.381,-33.213,-2.6028
30.122,-33.362,-2.6064
29.868,-33.520,-2.6077
29.594,-33.681,-2.6084
29.341,-33.827,-2.6157
29.078,-33.979,-2.6140
28.845,-34.114,-2.6207
28.599,-34.261,-2.6232
28.322,-34.412,-2.6262
28.068,-34.555,-2.6224
27.800,-34.706,-2.6199
27.553,-34.858,-2.6180
27.285,-35.008,-2.6101
27.027,-35.156,-2.6130
26.767,-35.313,-2.6301
26.508,-35.468,-2.6523
25.966,-35.749,-2.6823
25.944,-35.733,-2.7192
25.759,-35.811,-2.7727
25.486,-35.928,-2.7342
25.217,-36.038,-2.7351
24.941,-36.165,-2.7378
24.668,-36.281,-2.7388
24.387,-36.397,-2.7468
24.117,-36.507,-2.7482
23.840,-36.624,-2.7470
23.668,-36.696,-2.7374
23.647,-36.706,-2.7453
23.482,-36.778,-2.7834
22.604,-37.141,-2.8002
22.559,-37.111,-2.8184
22.347,-37.167,-2.9129
22.071,-37.251,-2.8628
21.771,-37.335,-2.8600
21.488,-37.418,-2.8610
21.196,-37.500,-2.8561
20.907,-37.586,-2.8629
20.616,-37.674,-2.8664
20.328,-37.750,-2.8661
20.040,-37.827,-2.8671
19.465,-37.994,-2.8647
19.173,-38.080,-2.8628
18.892,-38.158,-2.8652
18.598,-38.240,-2.8652
18.307,-38.322,-2.8576
17.753,-38.483,-2.8620
17.548,-38.550,-2.8582
17.248,-38.627,-2.8630
16.963,-38.714,-2.8689
16.676,-38.791,-2.8619
16.380,-38.877,-2.8639
16.096,-38.958,-2.8645
15.803,-39.045,-2.8652
15.518,-39.121,-2.8687
15.223,-39.205,-2.8723
14.921,-39.287,-2.8715
14.640,-39.365,-2.8697
14.374,-39.437,-2.8685
14.089,-39.521,-2.8661
13.799,-39.601,-2.8615
13.513,-39.684,-2.8693
13.234,-39.765,-2.8739
12.941,-39.842,-2.8768
12.657,-39.914,-2.8851
12.657,-39.914,-2.8851
12.367,-39.995,-2.8832
11.223,-40.293,-2.8829
11.085,-40.332,3.0940
10.772,-40.413,2.1207
10.945,-39.927,1.8124
10.927,-39.810,1.3677
10.931,-39.705,1.7162
10.921,-39.689,1.8610
10.899,-39.615,1.8789
10.612,-38.757,1.8707
10.407,-38.060,1.8674
10.010,-36.742,1.8610
9.780,-35.954,1.8594
9.644,-35.513,1.8545
9.586,-35.294,1.8505
9.523,-35.072,1.8439
9.340,-34.421,1.8441
9.162,-33.792,1.8442
9.105,-33.578,1.8465
9.078,-33.484,1.8423
8.779,-32.439,1.8401
8.486,-31.364,1.8396
8.375,-30.934,1.8317
8.315,-30.714,1.8303
8.029,-29.631,1.8287
7.737,-28.543,1.8282
7.463,-27.477,1.8253
7.405,-27.256,1.8178
7.353,-27.030,1.8139
7.302,-26.818,1.8116
7.033,-25.743,1.8149
6.767,-24.660,1.8144
6.493,-23.580,1.8121
6.353,-22.999,1.8119
6.310,-22.801,1.8007
6.277,-22.669,1.7992
6.021,-21.564,1.8465
5.957,-21.296,1.8710
5.902,-21.361,1.9810
5.766,-21.018,1.9972
5.600,-20.594,1.9346
5.448,-20.176,1.9353
5.286,-19.743,1.9301
5.200,-19.533,1.9390
5.036,-19.095,1.9257
4.951,-18.888,1.9260
4.736,-18.258,1.9246
4.648,-18.044,1.9241
4.255,-16.979,1.9260
3.859,-15.927,1.9234
3.801,-15.739,1.9192
3.646,-15.323,1.9081
3.495,-14.887,1.9119
3.125,-13.834,1.9007
3.054,-13.634,1.9007
2.719,-12.615,1.8993
2.560,-12.155,1.8961
2.409,-11.734,1.9045
2.345,-11.532,1.9006
2.273,-11.329,1.9004
1.912,-10.262,1.9039
1.497,-9.068,1.9006
1.420,-8.859,1.8930
1.361,-8.664,1.8821
1.019,-7.588,1.8821
1.007,-7.544,1.8795
0.970,-7.460,1.8741
0.645,-6.418,1.8745
0.453,-5.780,1.8740
0.384,-5.559,1.8725
0.307,-5.341,1.8896
0.243,-5.128,1.8769
0.168,-4.914,1.8736
0.108,-4.684,1.8758
0.016,-4.408,1.8629
-0.045,-4.214,1.8614
-0.108,-3.997,1.8448
-0.163,-3.778,1.8391
-0.222,-3.564,1.8485
-0.343,-3.130,1.8572
-0.539,-2.485,1.8543
-0.592,-2.320,1.8540
-0.668,-2.030,1.8422
-0.810,-1.525,1.8168
-0.848,-1.375,1.8419
-0.833,-1.363,-1.0100
-0.805,-1.538,-0.1904
-0.796,-1.547,-0.0733
-0.375,-1.466,0.2029
-0.156,-1.413,0.2063
0.936,-1.180,0.2150
1.153,-1.140,0.2063
1.358,-1.088,0.2045
1.581,-1.049,0.1943
1.813,-0.998,0.1966
2.602,-0.855,0.1954
2.802,-0.800,0.1932
3.841,-0.602,0.2011
