# 路線 A→B, 454.8 m  (x,y,yaw_rad)
3.391,0.693,-1.5189
3.335,0.595,-1.9193
3.431,0.541,-2.3773
3.368,0.555,-2.6213
3.216,0.525,-2.6500
2.110,-0.107,-2.6272
1.067,-0.725,-2.6099
0.678,-0.965,-2.6062
0.589,-1.020,0.5721
0.896,-0.828,0.5658
1.911,-0.182,0.5682
2.359,0.103,0.6064
2.177,-0.006,-2.5832
1.179,-0.631,-2.5823
0.352,-1.155,-2.5637
-0.133,-1.457,-2.5170
-0.142,-1.518,-2.3011
-0.110,-1.560,-1.2044
-0.039,-1.592,-1.1939
0.335,-2.676,-1.1785
0.729,-3.718,-1.1750
0.784,-3.721,-1.0974
0.814,-3.634,1.3039
0.808,-3.601,1.9745
0.776,-3.546,2.5539
0.709,-3.545,2.9826
0.678,-3.543,-2.8179
0.631,-3.572,-2.2173
0.625,-3.597,-1.6045
0.601,-3.688,-1.5452
0.672,-3.731,-1.5688
0.653,-4.439,-1.5360
0.627,-5.008,-1.4531
0.648,-5.031,-1.3444
0.925,-5.875,-1.2527
1.145,-6.577,-1.2618
1.216,-6.795,-1.2582
1.359,-7.259,-1.2530
1.749,-8.424,-1.2454
1.821,-8.630,-1.2359
2.191,-9.684,-1.2327
2.614,-10.866,-1.2336
2.851,-11.556,-1.2325
2.928,-11.790,-1.2426
3.102,-12.274,-1.2377
3.173,-12.507,-1.2417
3.419,-13.200,-1.2404
3.497,-13.453,-1.2390
3.592,-13.704,-1.2496
3.663,-13.929,-1.2403
3.734,-14.147,-1.2584
3.814,-14.379,-1.2578
3.964,-14.855,-1.2506
4.038,-15.088,-1.2496
4.433,-16.253,-1.2426
4.591,-16.714,-1.2430
4.676,-16.947,-1.2395
4.742,-17.158,-1.2334
4.822,-17.383,-1.2373
5.063,-18.059,-1.2325
5.120,-18.227,-1.2326
5.159,-18.343,-1.2487
5.234,-18.555,-1.2548
5.590,-19.637,-1.2537
5.737,-20.114,-1.2588
5.814,-20.338,-1.2583
6.038,-21.048,-1.2620
6.118,-21.273,-1.2626
6.332,-21.979,-1.2630
6.480,-22.430,-1.2719
6.555,-22.674,-1.2778
6.622,-22.907,-1.2838
6.970,-24.094,-1.2864
7.034,-24.310,-1.2817
7.099,-24.535,-1.2753
7.243,-24.997,-1.2753
7.316,-25.233,-1.2733
7.593,-26.145,-1.2734
7.660,-26.364,-1.2753
8.017,-27.523,-1.2748
8.378,-28.720,-1.2755
8.453,-28.965,-1.2819
8.519,-29.189,-1.2807
8.581,-29.419,-1.2847
8.658,-29.658,-1.2928
9.008,-30.853,-1.2919
9.335,-32.051,-1.2916
9.468,-32.516,-1.3013
9.546,-32.754,-1.2979
9.862,-33.945,-1.2985
10.197,-35.129,-1.3039
10.266,-35.374,-1.2802
10.325,-35.604,-1.2445
10.697,-36.736,-1.1996
10.809,-36.939,-1.1056
10.948,-37.126,-1.0046
11.597,-38.139,-1.0069
12.097,-38.939,-1.0140
12.724,-39.967,-1.0210
13.349,-40.983,-1.0235
13.486,-41.221,-1.0237
13.437,-41.138,2.1495
13.470,-41.191,2.1380
13.037,-40.506,2.1374
12.781,-40.114,2.1362
12.675,-39.941,2.1384
12.587,-39.801,2.1231
12.566,-39.797,-1.0247
13.202,-40.804,-0.9908
13.676,-41.609,-0.9527
13.739,-41.543,-0.7995
13.787,-41.513,0.4909
13.865,-41.486,0.3379
13.986,-41.443,0.3279
14.869,-41.146,0.3274
15.090,-41.070,0.3284
15.313,-40.995,0.3300
15.544,-40.912,0.3290
15.995,-40.760,0.3254
16.209,-40.688,0.3222
16.672,-40.536,0.3191
16.870,-40.470,0.3145
17.329,-40.320,0.3211
17.524,-40.261,0.3206
18.381,-39.968,0.3228
18.483,-39.934,0.3221
18.556,-39.909,0.3098
18.985,-39.773,0.3100
19.204,-39.704,0.3094
19.426,-39.632,0.3168
19.660,-39.556,0.3169
19.891,-39.476,0.3156
20.121,-39.403,0.3124
20.349,-39.331,0.3093
20.573,-39.261,0.3127
20.790,-39.189,0.3155
21.243,-39.041,0.3152
21.476,-38.963,0.3126
21.704,-38.893,0.3061
21.932,-38.820,0.3036
22.131,-38.760,0.3029
22.354,-38.687,0.3071
22.579,-38.619,0.3084
22.800,-38.544,0.3083
23.028,-38.474,0.3117
23.254,-38.401,0.3040
23.873,-38.202,0.3070
24.355,-38.056,0.3065
24.488,-38.011,0.3048
24.850,-37.896,0.3190
25.070,-37.826,0.3289
25.738,-37.600,0.3580
25.812,-37.560,0.3810
26.003,-37.464,0.4613
26.167,-37.386,0.4609
26.577,-37.183,0.4610
26.787,-37.075,0.4626
27.000,-36.969,0.4608
27.380,-36.782,0.4542
27.586,-36.682,0.4553
28.391,-36.292,0.4553
28.428,-36.270,0.4529
28.600,-36.184,0.4553
29.030,-35.979,0.4497
29.243,-35.875,0.4455
29.452,-35.776,0.4411
29.891,-35.568,0.4398
30.099,-35.475,0.4402
30.521,-35.274,0.4397
30.737,-35.170,0.4417
30.953,-35.068,0.4409
31.380,-34.868,0.4422
31.595,-34.767,0.4428
31.798,-34.668,0.4444
32.239,-34.458,0.4456
32.449,-34.360,0.4425
32.881,-34.153,0.4396
33.094,-34.054,0.4369
33.319,-33.950,0.4301
33.756,-33.749,0.4292
34.495,-33.412,0.4321
34.534,-33.395,0.4207
35.098,-33.130,0.4622
35.118,-33.140,0.3762
35.111,-33.106,0.3065
35.796,-32.897,0.3070
36.468,-32.696,0.2867
37.063,-32.523,0.2816
37.291,-32.463,0.2750
37.694,-32.348,0.2744
38.649,-32.081,0.2773
39.093,-31.952,0.2762
39.317,-31.886,0.2772
39.705,-31.777,0.2759
40.173,-31.647,0.2714
40.398,-31.583,0.2723
40.596,-31.530,0.2704
41.080,-31.394,0.2655
41.315,-31.331,0.2625
41.554,-31.268,0.2532
42.021,-31.147,0.2518
42.494,-31.028,0.2496
42.721,-30.969,0.2497
43.183,-30.853,0.2500
43.414,-30.792,0.2504
44.350,-30.554,0.2503
44.409,-30.537,0.2484
44.519,-30.511,0.2470
45.226,-30.332,0.2458
45.466,-30.272,0.2465
45.919,-30.159,0.2431
46.160,-30.099,0.2450
46.616,-29.988,0.2437
46.853,-29.926,0.2429
47.323,-29.809,0.2430
47.555,-29.753,0.2388
47.785,-29.698,0.2386
48.255,-29.584,0.2370
48.489,-29.526,0.2357
48.958,-29.414,0.2342
49.188,-29.361,0.2307
49.420,-29.306,0.2744
49.887,-29.197,0.2635
50.514,-28.976,0.2645
50.528,-29.000,0.2775
50.735,-28.950,0.2395
51.177,-28.830,0.2730
51.419,-28.755,0.2826
51.871,-28.624,0.2908
52.103,-28.553,0.2903
52.324,-28.487,0.3029
52.555,-28.415,0.3122
53.010,-28.268,0.3177
53.236,-28.187,0.3251
53.462,-28.112,0.3282
54.141,-27.881,0.3243
54.361,-27.808,0.3256
54.600,-27.729,0.3204
54.825,-27.652,0.3184
55.053,-27.578,0.3164
55.514,-27.428,0.3180
55.742,-27.355,0.3158
55.965,-27.277,0.3135
56.429,-27.129,0.3140
56.878,-26.985,0.3071
57.103,-26.913,0.3057
57.326,-26.845,0.3088
57.779,-26.703,0.3096
58.007,-26.625,0.3102
58.237,-26.550,0.3122
58.464,-26.481,0.3064
58.683,-26.411,0.3051
58.906,-26.341,0.3086
59.135,-26.267,0.3042
59.366,-26.193,0.3058
59.831,-26.050,0.3038
60.060,-25.976,0.3008
60.292,-25.904,0.3015
60.515,-25.837,0.2974
60.742,-25.767,0.2949
60.969,-25.698,0.2965
61.200,-25.629,0.2941
61.431,-25.557,0.2925
62.576,-25.212,0.2833
62.673,-25.185,0.2577
62.692,-25.194,0.5364
62.680,-25.228,0.8777
62.684,-25.147,0.9395
62.894,-24.919,0.5381
62.863,-24.960,0.4453
63.527,-24.722,0.3250
63.750,-24.639,0.3476
63.982,-24.552,0.3498
64.206,-24.474,0.3520
64.652,-24.312,0.3502
65.769,-23.897,0.3487
66.246,-23.725,0.3472
67.131,-23.410,0.3398
66.939,-23.484,0.3491
66.983,-23.468,0.3537
67.901,-23.122,0.3510
68.116,-23.047,0.3486
68.568,-22.888,0.3374
68.792,-22.810,0.3386
69.019,-22.730,0.3353
69.242,-22.650,0.3349
69.458,-22.578,0.3338
69.675,-22.503,0.3321
69.896,-22.426,0.3306
70.126,-22.345,0.3325
70.358,-22.269,0.3281
70.572,-22.193,0.3257
71.035,-22.038,0.3270
71.255,-21.964,0.3264
71.479,-21.889,0.3296
71.702,-21.810,0.3294
72.149,-21.657,0.3316
72.937,-21.389,0.3281
72.945,-21.384,0.3290
72.950,-21.386,0.3208
73.070,-21.343,0.3134
73.175,-21.310,0.3235
73.322,-21.261,0.3203
74.267,-20.944,0.3210
74.845,-20.754,0.3211
74.866,-20.747,0.3109
75.011,-20.700,0.3025
75.459,-20.561,0.3007
75.927,-20.416,0.2959
76.152,-20.349,0.2914
76.372,-20.285,0.2842
76.610,-20.216,0.2842
77.528,-19.949,0.2847
77.753,-19.881,0.2855
77.989,-19.811,0.2870
78.213,-19.746,0.2872
78.662,-19.614,0.2890
78.878,-19.549,0.2879
79.110,-19.478,0.2877
79.344,-19.411,0.2835
79.795,-19.279,0.2990
80.731,-19.009,0.3027
80.724,-18.981,0.3178
80.756,-18.970,0.3974
81.407,-18.749,0.3778
81.658,-18.620,0.3812
81.874,-18.525,0.4109
82.300,-18.351,0.3912
82.525,-18.261,0.3864
82.748,-18.170,0.3830
82.969,-18.079,0.3850
83.627,-17.816,0.3848
83.837,-17.730,0.3808
84.061,-17.638,0.3800
84.494,-17.469,0.3779
84.937,-17.293,0.3767
85.154,-17.207,0.3788
85.383,-17.116,0.3744
85.604,-17.027,0.3744
86.043,-16.858,0.3706
86.262,-16.771,0.3694
86.706,-16.601,0.3725
86.924,-16.516,0.3742
87.362,-16.343,0.3739
87.574,-16.256,0.3682
88.021,-16.085,0.3621
88.245,-16.006,0.3569
88.687,-15.841,0.3557
88.908,-15.759,0.3569
89.352,-15.591,0.3596
89.789,-15.430,0.3608
90.227,-15.262,0.3611
90.438,-15.182,0.3630
90.660,-15.097,0.3598
90.882,-15.015,0.3571
91.766,-14.683,0.3562
91.981,-14.606,0.3579
92.205,-14.522,0.3486
92.642,-14.357,0.3485
93.087,-14.203,0.3440
93.537,-14.041,0.3420
93.754,-13.967,0.3451
93.982,-13.880,0.3457
94.206,-13.801,0.3391
94.421,-13.722,0.3361
95.321,-13.415,0.3342
95.539,-13.336,0.3331
95.762,-13.260,0.3352
96.217,-13.101,0.3288
96.427,-13.029,0.3152
96.863,-12.885,0.3098
96.863,-12.885,0.3098
97.967,-12.541,0.3066
98.410,-12.399,0.3047
98.640,-12.329,0.3070
99.317,-12.113,0.3035
99.539,-12.043,0.3047
99.763,-11.975,0.3053
99.987,-11.905,0.3046
100.437,-11.760,0.3063
100.659,-11.691,0.3087
100.886,-11.620,0.3010
101.104,-11.548,0.2990
101.329,-11.483,0.2970
101.551,-11.416,0.2900
101.786,-11.345,0.2905
102.011,-11.278,0.2902
102.233,-11.213,0.2922
102.460,-11.145,0.2886
102.676,-11.077,0.2876
102.899,-11.014,0.2849
104.010,-10.687,0.2846
104.229,-10.627,0.2879
104.449,-10.559,0.2834
104.677,-10.488,0.2885
105.334,-10.301,0.2838
105.562,-10.231,0.2804
105.787,-10.168,0.2769
106.020,-10.101,0.2752
106.465,-9.980,0.2731
106.697,-9.910,0.2736
106.915,-9.852,0.2760
107.140,-9.787,0.2736
107.371,-9.723,0.2807
107.591,-9.660,0.2768
108.038,-9.528,0.2694
108.261,-9.468,0.2684
108.705,-9.355,0.2583
108.923,-9.293,0.2571
109.381,-9.174,0.2643
109.611,-9.113,0.2587
109.837,-9.049,0.2588
110.061,-8.992,0.2618
110.516,-8.873,0.2546
110.735,-8.812,0.2535
111.190,-8.696,0.2561
111.412,-8.642,0.2518
111.634,-8.580,0.2502
111.862,-8.522,0.2563
112.081,-8.469,0.2504
112.309,-8.407,0.2785
113.022,-8.225,0.3388
113.034,-8.187,0.3956
113.108,-8.107,0.5511
113.483,-7.917,0.5043
113.689,-7.815,0.4576
113.892,-7.714,0.4536
114.927,-7.211,0.4543
114.967,-7.193,0.4482
115.051,-7.150,0.4512
115.661,-6.863,0.4471
116.283,-6.554,0.4432
116.714,-6.356,0.4474
117.131,-6.163,0.4378
117.332,-6.061,0.4334
117.534,-5.968,0.4402
117.742,-5.880,0.4358
118.794,-5.380,0.4042
119.077,-5.249,0.3783
119.078,-5.308,0.3010
119.691,-5.105,0.2702
120.137,-4.963,0.3148
120.344,-4.898,0.3019
120.780,-4.754,0.2927
121.010,-4.694,0.3005
121.451,-4.567,0.2977
121.662,-4.489,0.3090
121.877,-4.417,0.3158
122.097,-4.347,0.3032
122.537,-4.212,0.2992
122.981,-4.077,0.2966
123.200,-4.009,0.2960
123.408,-3.947,0.2969
124.054,-3.749,0.2947
124.278,-3.680,0.2949
124.497,-3.615,0.2966
124.709,-3.552,0.2986
124.937,-3.479,0.2987
125.606,-3.271,0.2989
125.835,-3.204,0.2965
126.053,-3.137,0.2918
126.492,-3.004,0.2979
126.712,-2.939,0.2993
127.155,-2.798,0.2953
127.611,-2.657,0.2932
127.828,-2.598,0.2804
128.054,-2.534,0.2675
128.507,-2.409,0.2681
128.736,-2.348,0.2654
128.963,-2.286,0.2640
129.187,-2.226,0.2653
129.628,-2.106,0.2670
129.851,-2.046,0.2668
130.291,-1.923,0.2699
130.527,-1.860,0.2683
130.752,-1.795,0.2696
130.968,-1.738,0.2679
131.183,-1.676,0.2662
131.632,-1.556,0.2668
131.864,-1.492,0.2629
132.082,-1.434,0.2659
132.299,-1.376,0.2657
132.746,-1.253,0.2647
132.979,-1.188,0.2639
133.203,-1.130,0.2615
133.414,-1.075,0.2558
133.641,-1.013,0.2573
133.867,-0.956,0.2600
134.087,-0.897,0.2573
134.544,-0.774,0.2572
134.990,-0.658,0.2572
135.217,-0.601,0.2543
135.434,-0.543,0.2314
135.662,-0.484,0.2410
136.404,-0.325,0.2562
136.434,-0.302,0.2889
136.590,-0.240,0.3736
137.014,-0.082,0.3619
137.442,0.082,0.3606
137.661,0.163,0.3619
138.092,0.326,0.3590
138.310,0.409,0.3591
138.739,0.568,0.3598
138.953,0.648,0.3576
139.384,0.812,0.3604
139.603,0.892,0.3574
139.825,0.978,0.3564
140.052,1.058,0.3588
140.265,1.140,0.3569
140.711,1.308,0.3584
140.920,1.386,0.3600
141.134,1.464,0.3623
141.349,1.548,0.3586
141.567,1.632,0.3591
141.789,1.712,0.3496
142.003,1.790,0.3464
142.218,1.865,0.3473
142.435,1.945,0.3490
142.656,2.026,0.3504
142.871,2.106,0.3512
143.090,2.184,0.3494
143.306,2.264,0.3471
143.518,2.340,0.3491
143.738,2.419,0.3487
143.944,2.495,0.3466
144.158,2.574,0.3471
144.376,2.650,0.3431
144.581,2.724,0.3444
144.802,2.801,0.3533
145.234,2.960,0.3527
145.667,3.125,0.3552
145.883,3.204,0.3550
146.108,3.286,0.3482
146.539,3.444,0.3455
146.761,3.523,0.3443
147.200,3.678,0.3399
147.417,3.755,0.3430
147.632,3.831,0.3454
147.846,3.910,0.3469
148.069,3.990,0.3491
148.288,4.070,0.3428
148.510,4.150,0.3409
148.728,4.225,0.3396
148.951,4.303,0.3428
149.167,4.380,0.3438
149.382,4.462,0.3437
149.602,4.538,0.3440
150.045,4.695,0.3410
150.486,4.853,0.3409
150.698,4.928,0.3356
150.922,5.006,0.3348
151.347,5.149,0.3338
152.017,5.386,0.3337
152.238,5.462,0.3354
152.463,5.540,0.3330
152.900,5.690,0.3294
153.120,5.767,0.3288
153.342,5.840,0.3257
153.560,5.915,0.3165
153.781,5.988,0.3174
154.235,6.132,0.3154
154.890,6.348,0.3152
155.119,6.423,0.3198
155.350,6.500,0.3221
155.578,6.577,0.3226
156.019,6.725,0.3230
156.238,6.798,0.3241
156.461,6.871,0.3230
157.131,7.099,0.3211
157.353,7.171,0.3199
157.575,7.242,0.3128
157.802,7.316,0.3104
158.470,7.532,0.3108
158.914,7.672,0.3089
159.146,7.747,0.3092
159.367,7.815,0.3123
159.821,7.963,0.3101
160.040,8.036,0.3116
160.263,8.105,0.3089
160.495,8.178,0.3047
160.719,8.250,0.3077
160.957,8.324,0.3066
161.186,8.398,0.3067
161.630,8.538,0.3069
161.853,8.609,0.3057
162.072,8.678,0.3063
162.296,8.749,0.3029
162.520,8.819,0.3015
162.742,8.887,0.3024
163.195,9.027,0.3000
163.414,9.097,0.2986
163.617,9.158,0.2940
164.065,9.294,0.2893
164.293,9.359,0.2951
164.518,9.426,0.2960
164.751,9.503,0.2960
165.194,9.638,0.2910
165.422,9.704,0.2822
165.653,9.766,0.2769
165.875,9.829,0.2798
166.327,9.960,0.2838
166.548,10.027,0.2844
166.780,10.095,0.2855
166.999,10.158,0.2836
167.460,10.293,0.2829
167.674,10.355,0.2829
167.900,10.420,0.2841
168.126,10.485,0.2839
168.343,10.551,0.2841
168.582,10.620,0.2791
168.807,10.685,0.2764
169.268,10.812,0.2740
169.499,10.879,0.2749
169.954,11.006,0.2765
170.179,11.072,0.2807
170.406,11.135,0.2747
170.630,11.205,0.2740
171.080,11.323,0.2752
171.315,11.391,0.2686
171.543,11.457,0.2718
171.778,11.521,0.2717
172.226,11.643,0.2672
172.442,11.705,0.2627
172.661,11.763,0.2635
172.894,11.821,0.2659
173.110,11.881,0.2665
173.573,12.013,0.2714
173.802,12.074,0.2667
174.021,12.134,0.2570
174.249,12.193,0.2552
174.699,12.309,0.2538
175.160,12.428,0.2841
175.335,12.475,0.3404
175.429,12.537,0.4590
175.621,12.636,0.4805
176.466,13.074,0.4744
177.523,13.616,0.4742
177.946,13.830,0.4756
178.363,14.043,0.4680
179.053,14.406,0.4046
179.067,14.396,0.3662
179.402,14.453,0.2735
179.627,14.528,0.2958
180.301,14.756,0.3274
180.745,14.907,0.3312
180.971,14.986,0.3335
181.420,15.144,0.3321
181.652,15.224,0.3314
181.876,15.297,0.3307
182.094,15.372,0.3276
182.315,15.452,0.3305
182.485,15.508,0.3314
182.933,15.660,0.3280
183.159,15.739,0.3267
183.373,15.811,0.3238
183.602,15.886,0.3218
183.824,15.959,0.3214
184.048,16.035,0.3243
184.271,16.111,0.3260
184.490,16.185,0.3248
184.942,16.337,0.3271
185.162,16.410,0.3249
185.388,16.490,0.3247
186.054,16.711,0.3261
186.491,16.858,0.3232
186.718,16.936,0.3250
187.150,17.080,0.3202
187.376,17.156,0.3245
187.809,17.295,0.3247
188.226,17.443,0.3206
188.433,17.512,0.3184
189.310,17.799,0.3122
189.738,17.931,0.3104
190.393,18.143,0.3090
191.042,18.349,0.3125
191.261,18.421,0.3132
191.933,18.640,0.3160
192.159,18.715,0.3145
192.382,18.787,0.3113
192.825,18.930,0.3115
193.479,19.138,0.3137
193.912,19.279,0.3137
194.132,19.355,0.3137
194.354,19.426,0.3118
194.578,19.494,0.3114
194.802,19.566,0.3125
195.255,19.716,0.3138
195.697,19.860,0.3120
195.930,19.933,0.3054
196.157,20.003,0.2989
196.377,20.070,0.2989
196.600,20.138,0.3004
196.813,20.205,0.3010
197.259,20.344,0.3001
197.694,20.479,0.2977
198.134,20.613,0.2961
198.357,20.679,0.2964
198.589,20.750,0.2946
199.019,20.883,0.2962
199.471,21.019,0.2933
199.691,21.086,0.2941
200.344,21.280,0.2966
200.549,21.347,0.3054
200.765,21.414,0.3205
201.208,21.564,0.3233
201.852,21.781,0.3234
202.069,21.856,0.3228
202.288,21.925,0.3190
202.504,21.998,0.3151
202.731,22.071,0.3085
202.950,22.143,0.3062
203.176,22.208,0.3072
203.397,22.280,0.3039
204.060,22.493,0.3103
204.266,22.556,0.2991
204.487,22.628,0.2941
204.925,22.751,0.2967
205.147,22.822,0.2968
205.367,22.892,0.3033
205.582,22.963,0.3037
206.241,23.163,0.3000
206.469,23.236,0.2966
206.690,23.302,0.2984
206.906,23.368,0.2989
207.571,23.573,0.3009
207.790,23.643,0.3014
208.008,23.711,0.3024
208.227,23.778,0.3000
209.114,24.054,0.2987
209.332,24.120,0.2977
209.765,24.252,0.2941
210.215,24.388,0.2938
211.082,24.650,0.2936
211.301,24.716,0.2934
211.740,24.849,0.2925
212.185,24.983,0.2948
212.404,25.048,0.2924
212.631,25.120,0.2916
212.851,25.183,0.2909
213.305,25.319,0.2877
213.521,25.382,0.2861
213.734,25.446,0.2828
214.176,25.573,0.2834
214.176,25.573,0.2834
214.813,25.758,0.2810
215.019,25.819,0.2809
215.239,25.880,0.2771
215.457,25.943,0.2738
215.899,26.067,0.2748
216.119,26.127,0.2727
216.348,26.193,0.2751
216.795,26.317,0.2757
217.023,26.384,0.2752
217.245,26.446,0.2773
217.465,26.509,0.2746
217.690,26.572,0.2754
217.910,26.634,0.2761
218.123,26.694,0.2782
218.351,26.760,0.2759
218.577,26.825,0.2725
218.802,26.886,0.2750
219.031,26.948,0.2686
219.250,27.013,0.2698
219.638,27.117,0.2704
220.033,27.227,0.2683
220.259,27.288,0.2732
220.483,27.352,0.2732
221.241,27.566,0.2742
221.276,27.575,0.2691
221.458,27.625,0.2650
221.902,27.744,0.2653
222.130,27.807,0.2632
222.353,27.868,0.2671
223.490,28.173,0.3038
223.633,28.217,0.3457
223.878,28.355,0.4606
224.283,28.563,0.4791
224.750,28.798,0.4669
224.891,28.871,0.4653
225.268,29.056,0.4628
225.473,29.160,0.4633
225.685,29.264,0.4666
225.887,29.368,0.4672
226.088,29.469,0.4706
226.491,29.674,0.4659
226.698,29.780,0.4630
227.114,29.985,0.4579
227.321,30.084,0.4498
227.529,30.185,0.4392
227.941,30.380,0.4341
228.359,30.570,0.3934
228.572,30.665,0.3038
228.789,30.708,0.2494
229.201,30.775,0.2234
229.371,30.828,0.2541
229.563,30.890,0.3225
229.776,30.964,0.3261
229.981,31.036,0.3308
230.625,31.252,0.3288
230.847,31.331,0.3285
231.430,31.529,0.3313
231.471,31.544,0.3271
231.628,31.597,0.3274
232.041,31.736,0.3234
232.254,31.809,0.3185
232.914,32.027,0.3139
233.340,32.161,0.3117
233.561,32.229,0.3064
233.769,32.297,0.3078
233.987,32.367,0.3106
234.196,32.433,0.3093
234.621,32.569,0.3072
235.036,32.702,0.3068
235.255,32.769,0.3052
235.471,32.837,0.3010
235.684,32.904,0.3012
235.903,32.971,0.2971
236.112,33.035,0.2921
236.546,33.166,0.2933
236.768,33.230,0.2925
236.994,33.300,0.2872
237.223,33.370,0.2863
237.428,33.427,0.2851
237.783,33.529,0.2862
238.102,33.625,0.2903
238.318,33.692,0.2951
238.536,33.758,0.2922
238.747,33.822,0.2868
238.970,33.886,0.2834
239.186,33.948,0.2835
239.823,34.133,0.2828
240.033,34.197,0.2830
240.678,34.382,0.2833
240.831,34.427,0.2786
240.900,34.446,0.2802
241.087,34.498,0.2775
241.513,34.623,0.2789
241.724,34.681,0.2834
241.945,34.746,0.2821
242.159,34.810,0.2805
242.380,34.874,0.2807
242.598,34.933,0.2746
242.808,34.994,0.2745
243.240,35.115,0.2732
243.455,35.177,0.2709
244.113,35.357,0.2693
244.338,35.419,0.2673
244.552,35.477,0.2655
244.769,35.537,0.2707
244.995,35.597,0.2715
245.422,35.720,0.2703
245.644,35.781,0.2707
246.073,35.898,0.2665
246.500,36.015,0.2668
246.714,36.073,0.2653
246.934,36.134,0.2632
247.152,36.191,0.2644
247.801,36.365,0.2611
248.019,36.426,0.2622
248.450,36.539,0.2605
248.669,36.598,0.2569
248.889,36.656,0.2557
249.329,36.770,0.2536
249.760,36.881,0.2538
250.196,36.994,0.2531
250.416,37.052,0.2516
250.635,37.108,0.2504
250.852,37.162,0.2489
251.070,37.217,0.2450
251.286,37.273,0.2497
251.499,37.324,0.2494
251.718,37.383,0.2472
252.139,37.490,0.2481
252.353,37.542,0.2503
252.562,37.593,0.2503
252.993,37.709,0.2508
253.209,37.763,0.2513
253.433,37.819,0.2434
254.079,37.983,0.2421
254.299,38.033,0.2452
254.514,38.086,0.2419
254.733,38.144,0.2413
255.149,38.247,0.2395
255.374,38.297,0.2370
255.586,38.347,0.2362
256.021,38.455,0.2365
256.237,38.508,0.2391
256.665,38.609,0.2491
256.872,38.661,0.2643
257.764,38.899,0.3646
257.813,38.935,0.4086
258.188,39.190,0.5901
258.360,39.305,0.5887
258.735,39.549,0.5856
258.914,39.670,0.5850
259.103,39.797,0.5902
259.465,40.037,0.5864
259.650,40.162,0.5784
259.839,40.284,0.5412
260.023,40.397,0.4889
260.220,40.491,0.4283
260.430,40.577,0.3742
260.636,40.648,0.3343
260.858,40.725,0.3197
261.282,40.860,0.3147
261.485,40.926,0.3114
261.707,40.997,0.3084
261.918,41.066,0.3094
262.136,41.132,0.3128
262.345,41.201,0.3144
262.558,41.272,0.3154
262.769,41.343,0.3103
262.982,41.408,0.3114
263.193,41.473,0.3718
263.406,41.545,0.3882
263.996,41.822,0.3703
264.065,41.850,0.3173
264.120,41.833,0.2841
264.525,41.913,0.3087
264.935,42.096,0.3823
265.138,42.193,0.4269
265.647,42.447,0.3941
265.661,42.429,0.4404
265.661,42.398,-1.0695
265.748,42.480,0.0200
265.725,42.306,0.0842
266.435,42.445,0.0346
266.651,42.481,0.1879
266.873,42.519,0.1831
267.079,42.563,0.1732
267.304,42.606,0.1755
268.169,42.747,0.1672
268.387,42.788,0.1652
268.603,42.821,0.1681
269.243,42.929,0.1628
269.395,42.955,0.1743
269.481,42.967,0.1745
270.540,43.162,0.1753
270.970,43.233,0.1771
271.188,43.273,0.1712
271.406,43.312,0.1751
271.837,43.386,0.1727
272.051,43.424,0.1673
272.271,43.461,0.1703
272.490,43.495,0.1667
273.351,43.646,0.1671
274.097,43.769,0.1692
274.224,43.791,0.1629
274.254,43.796,0.1632
274.667,43.862,0.1677
274.812,43.887,0.3680
275.424,43.994,0.4236
275.801,44.393,0.4276
275.829,44.386,0.4986
275.996,44.426,0.3020
276.620,44.645,0.3202
276.833,44.714,0.3296
277.043,44.789,0.3220
277.252,44.856,0.3233
277.461,44.926,0.3174
277.870,45.062,0.3184
278.085,45.131,0.3174
278.712,45.337,0.3145
278.914,45.403,0.3120
279.122,45.469,0.3078
279.538,45.600,0.3071
280.164,45.799,0.3082
280.582,45.932,0.3082
280.787,45.999,0.3067
281.209,46.132,0.3066
281.418,46.196,0.3042
281.632,46.265,0.3001
281.843,46.330,0.2997
282.267,46.459,0.2972
282.474,46.522,0.2925
282.687,46.588,0.2887
282.906,46.651,0.2898
283.119,46.712,0.2861
283.525,46.836,0.2894
283.731,46.895,0.2873
283.947,46.961,0.2878
284.354,47.077,0.2893
284.779,47.206,0.2872
284.992,47.270,0.2900
285.738,47.490,0.2865
285.792,47.506,0.2835
286.122,47.602,0.2788
286.320,47.657,0.2814
286.748,47.779,0.2805
287.365,47.961,0.2804
287.420,47.976,0.2837
287.632,48.035,0.2803
288.060,48.161,0.2785
288.275,48.223,0.2783
288.677,48.336,0.2715
289.103,48.455,0.2723
289.533,48.571,0.2727
289.965,48.695,0.2705
290.411,48.821,0.2753
290.624,48.877,0.2713
290.839,48.940,0.2630
291.298,49.066,0.2658
291.712,49.171,0.2513
291.951,49.238,0.2498
292.399,49.341,0.2477
292.624,49.404,0.2419
292.854,49.460,0.2559
293.072,49.515,0.2515
293.525,49.635,0.2552
293.744,49.692,0.2564
294.725,49.948,0.2455
294.937,50.004,0.3096
294.955,49.993,1.3961
294.919,50.067,1.8680
294.794,50.341,1.8715
294.583,51.161,1.8555
294.524,51.383,1.8290
294.403,51.830,1.8342
294.302,52.204,1.8390
294.259,52.360,1.8367
294.131,52.811,1.8379
294.016,53.249,1.8387
293.955,53.473,1.8338
293.845,53.870,1.8315
293.787,54.088,1.8289
293.567,54.933,1.8222
293.510,55.157,1.8182
293.398,55.609,1.8074
293.288,56.064,1.8048
293.240,56.291,1.8039
293.131,56.750,1.8020
293.073,56.978,1.8077
293.022,57.194,1.8094
292.804,58.097,1.8070
292.696,58.538,1.8074
292.588,58.994,1.8072
292.535,59.214,1.8060
292.426,59.665,1.8067
292.170,60.730,1.8067
292.165,60.754,1.8055
292.123,60.928,1.8060
292.018,61.372,1.8066
291.789,62.323,1.8063
291.766,62.414,1.8028
291.717,62.621,1.7997
291.617,63.066,1.8000
291.560,63.303,1.8203
291.363,64.142,1.8343
291.290,64.299,1.8443
291.181,64.683,1.8739
291.049,65.127,1.8497
290.991,65.331,1.8495
290.884,65.716,1.8419
290.820,65.944,1.8437
290.722,66.303,1.8428
290.592,66.756,1.8373
290.486,67.143,1.8352
290.385,67.539,1.8285
290.176,68.320,1.8256
290.132,68.501,1.8258
290.026,68.909,1.8198
289.908,69.367,1.8228
289.865,69.543,1.8259
289.803,69.777,1.8256
289.683,70.224,1.8274
289.624,70.459,1.8219
289.564,70.688,1.8196
289.274,71.841,1.8023
289.252,71.922,1.7750
289.275,71.938,0.4389
289.311,71.910,-0.6685
289.342,71.873,-1.3075
289.349,71.845,-0.5393
289.315,71.790,-0.3042
289.458,71.822,-0.2144
289.483,71.828,0.0960
289.460,71.821,0.8920
289.448,71.803,0.6149
289.523,71.902,0.3917
290.058,72.234,0.3565
290.610,72.295,0.2423
290.859,72.328,0.1459
292.067,72.531,0.1313
292.397,72.578,0.1530
293.312,72.652,0.1954
293.517,72.738,0.2240
294.193,72.952,0.3051
294.656,73.093,0.2964
295.771,73.427,0.2926
295.806,73.437,0.2900
295.871,73.457,0.2944
296.536,73.654,0.2915
297.002,73.800,0.2911
297.456,73.932,0.2910
298.158,74.142,0.2880
298.617,74.277,0.2898
299.305,74.482,0.2872
299.766,74.621,0.2908
300.002,74.687,0.2890
300.682,74.895,0.2846
301.126,75.024,0.2871
301.591,75.155,0.2807
302.057,75.294,0.2808
302.286,75.358,0.2812
303.215,75.626,0.2768
303.450,75.692,0.2777
304.146,75.887,0.2766
304.610,76.020,0.2780
305.065,76.151,0.2790
305.765,76.353,0.2736
305.999,76.418,0.2716
306.691,76.604,0.2671
306.917,76.667,0.2691
307.388,76.797,0.2724
307.854,76.929,0.2757
308.077,76.991,0.2742
308.532,77.124,0.2713
308.988,77.247,0.2710
309.456,77.375,0.2667
309.915,77.502,0.2661
310.150,77.566,0.2673
310.827,77.748,0.2665
311.054,77.813,0.2625
311.513,77.938,0.2631
311.991,78.061,0.2605
312.926,78.314,0.2593
313.163,78.375,0.2624
313.390,78.436,0.2579
313.869,78.565,0.2628
314.109,78.626,0.2605
314.807,78.817,0.2605
315.286,78.941,0.2602
315.509,79.002,0.2555
315.999,79.129,0.2563
316.460,79.249,0.2547
317.170,79.435,0.2557
317.627,79.553,0.2551
317.870,79.618,0.2542
318.354,79.743,0.2554
318.829,79.866,0.2535
319.319,79.995,0.2499
319.788,80.115,0.2496
320.513,80.294,0.2470
320.979,80.414,0.2466
321.218,80.474,0.2507
321.452,80.534,0.2499
322.620,80.833,0.2497
322.710,80.856,0.2474
322.765,80.869,0.2400
323.453,81.039,0.2377
324.387,81.266,0.2390
324.623,81.320,0.2377
325.103,81.438,0.2395
325.355,81.500,0.2442
325.815,81.615,0.2380
326.285,81.734,0.2364
327.222,81.952,0.2344
327.703,82.066,0.2328
328.176,82.178,0.2356
328.667,82.298,0.2361
329.371,82.468,0.2353
329.862,82.585,0.2326
330.334,82.696,0.2307
330.581,82.752,0.2322
330.829,82.811,0.2326
331.068,82.870,0.2314
331.548,82.983,0.2354
331.789,83.036,0.2316
332.279,83.158,0.2315
332.504,83.209,0.2425
332.752,83.267,0.2299
333.245,83.396,0.2354
333.918,83.542,0.2383
334.123,83.597,0.2300
334.323,83.649,0.2393
335.339,83.887,0.2296
335.588,83.949,0.2275
336.545,84.163,0.2219
337.485,84.381,0.2077
338.500,84.600,0.1864
338.515,84.566,0.1512
338.489,84.530,-2.4853
338.410,84.522,-3.0320
338.402,84.525,2.5910
338.353,84.548,2.2904
338.345,84.618,2.5695
338.324,84.620,-0.3187
338.348,84.559,-1.1407
338.394,84.535,-0.6832
338.393,84.515,-0.2144
338.450,84.518,0.1847
338.473,84.532,1.1032
338.520,84.558,1.6974
338.476,84.680,1.8879
338.427,84.698,1.8413
338.210,85.333,1.8110
337.974,86.527,1.7877
337.845,87.255,1.7571
337.769,87.686,1.7473
337.734,87.858,1.7484
337.694,88.099,1.5924
337.663,88.271,1.6356
337.729,89.535,1.6959
337.627,89.518,1.7659
337.504,89.609,2.4819
337.372,89.745,2.3021
337.241,89.913,2.2507
337.104,90.100,1.8298
336.979,90.258,1.7664
336.979,91.226,1.8336
336.992,91.169,1.7552
336.815,91.176,1.9679
336.733,91.577,1.9209
336.634,92.051,1.7711
336.587,92.279,1.7731
336.542,92.521,1.7714
336.493,92.750,1.7716
336.393,93.232,1.7719
336.345,93.466,1.7621
336.302,93.699,1.7551
336.263,93.934,1.7522
336.174,94.410,1.7548
336.131,94.635,1.7576
336.084,94.868,1.7620
336.043,95.101,1.7631
335.996,95.329,1.7584
335.950,95.564,1.7589
335.908,95.796,1.7554
335.866,96.031,1.8023
335.758,96.605,1.8276
335.710,96.580,1.8537
335.663,96.731,1.9476
335.599,96.949,1.8587
335.533,97.173,1.8533
335.466,97.406,1.8496
335.408,97.608,1.8474
335.346,97.832,1.8472
335.281,98.059,1.8417
335.217,98.282,1.8459
335.155,98.518,1.8451
335.096,98.716,1.8497
335.041,98.913,1.8576
334.971,99.143,1.8563
334.905,99.366,1.8563
334.837,99.599,1.8472
334.773,99.827,1.8450
334.720,100.027,1.8471
334.658,100.244,1.8508
334.600,100.436,1.8539
334.532,100.664,1.8513
334.475,100.869,1.8455
334.412,101.099,1.8376
334.350,101.324,1.8370
334.288,101.556,1.8324
334.225,101.786,1.8323
334.166,102.019,1.8347
334.102,102.248,1.8342
334.043,102.463,1.8371
333.984,102.681,1.8387
333.923,102.907,1.8295
333.856,103.147,1.8271
333.794,103.405,1.8264
333.732,103.642,1.8260
333.673,103.866,1.8251
333.550,104.319,1.8006
333.496,104.551,1.7231
333.518,104.555,1.3311
333.580,104.470,-1.1566
333.580,104.441,-1.4564
333.558,104.409,-2.2413
333.537,104.396,-2.1943
333.520,104.395,1.0300
333.557,104.410,1.1957
333.575,104.437,0.6109
333.577,104.499,0.4707
333.710,104.528,0.3905
333.931,104.600,0.3036
334.148,104.673,0.3193
334.367,104.747,0.3176
334.610,104.825,0.3161
334.823,104.893,0.3127
335.044,104.966,0.3175
335.285,105.043,0.3139
335.508,105.120,0.3025
335.726,105.186,0.2847
335.773,105.193,0.2633
335.952,105.239,0.2503
336.175,105.300,0.2614
336.403,105.359,0.2630
336.642,105.426,0.2554
336.868,105.485,0.2567
337.089,105.539,0.2516
337.327,105.602,0.2588
337.554,105.660,0.2565
337.778,105.726,0.2540
338.007,105.779,0.2574
338.236,105.838,0.2481
338.467,105.900,0.2527
338.696,105.959,0.2561
338.922,106.016,0.2516
