# 路線 C→D, 151.8 m  (x,y,yaw_rad)  來源 C_D_kf.csv KF 100-1853
-0.423,-0.406,-2.4535
-0.889,-0.792,-2.4548
-1.362,-1.178,-2.4571
-1.845,-1.572,-2.4569
-2.331,-1.963,-2.4559
-2.806,-2.357,-2.4553
-3.001,-2.519,-2.4556
-3.282,-2.749,-2.4592
-3.720,-3.100,-2.9990
-4.002,-3.329,2.9768
-4.505,-2.735,2.5110
-4.701,-2.513,2.2597
-4.946,-2.205,2.2479
-5.332,-1.714,2.2401
-5.714,-1.231,2.2393
-6.095,-0.751,2.2400
-6.475,-0.269,2.2422
-6.857,0.214,2.2409
-7.249,0.701,2.2433
-7.626,1.181,2.2406
-8.019,1.670,2.2367
-8.395,2.156,2.2336
-8.781,2.651,2.2301
-9.156,3.141,2.2293
-9.538,3.630,2.2274
-9.909,4.113,2.2271
-10.280,4.596,2.2249
-10.651,5.082,2.2225
-11.017,5.559,2.2199
-11.399,6.066,2.2203
-11.758,6.544,2.2176
-12.134,7.035,2.2189
-12.492,7.512,2.2204
-12.865,8.002,2.2186
-13.230,8.482,2.2181
-13.602,8.975,2.2155
-13.960,9.454,2.2127
-14.316,9.932,2.2122
-14.681,10.423,2.2125
-15.044,10.906,2.2123
-15.399,11.380,2.2087
-15.762,11.868,2.2062
-16.119,12.363,2.2035
-16.476,12.848,2.1985
-16.828,13.329,2.1997
-17.211,13.865,2.1982
-17.565,14.351,2.1967
-17.916,14.834,2.1969
-18.268,15.321,2.1928
-18.616,15.808,2.1894
-18.963,16.301,2.1876
-19.235,16.687,2.1852
-19.579,17.170,2.1850
-19.931,17.672,2.1840
-20.274,18.160,2.1818
-20.622,18.658,2.1804
-20.965,19.149,2.1793
-21.301,19.634,2.1762
-21.643,20.125,2.1750
-21.975,20.613,2.1752
-22.323,21.116,2.1735
-22.663,21.606,2.1749
-23.002,22.100,2.1726
-23.343,22.595,2.1719
-23.676,23.086,2.1713
-24.014,23.576,2.1686
-24.358,24.080,2.1708
-24.692,24.576,2.1716
-25.034,25.071,2.1724
-25.382,25.572,2.1738
-25.720,26.064,2.1734
-26.054,26.554,2.1700
-26.388,27.039,2.1678
-26.724,27.537,2.1671
-27.059,28.034,2.1658
-27.393,28.527,2.1670
-27.728,29.019,2.1659
-28.065,29.513,2.1618
-28.402,30.018,2.1616
-28.731,30.521,2.1655
-29.070,31.020,2.1792
-29.256,31.274,2.1950
-29.614,31.758,2.2061
-29.972,32.244,2.2054
-30.327,32.725,2.2050
-30.609,33.112,2.2043
-30.969,33.600,2.2027
-31.317,34.075,2.2005
-31.671,34.561,2.1987
-32.021,35.050,2.1966
-32.378,35.541,2.1947
-32.732,36.033,2.1958
-33.084,36.524,2.1947
-33.441,37.018,2.1920
-33.791,37.504,2.1918
-34.139,37.999,2.1904
-34.487,38.485,2.1889
-34.834,38.971,2.1880
-35.176,39.452,2.1860
-35.508,39.928,2.1843
-35.856,40.422,2.1932
-36.203,40.915,2.2142
-36.497,41.293,2.2328
-36.878,41.755,2.2537
-37.262,42.226,2.2604
-37.646,42.689,2.2574
-38.031,43.153,2.2564
-38.401,43.613,2.2543
-38.772,44.072,2.2520
-39.148,44.533,2.2561
-39.530,45.002,2.2551
-39.910,45.459,2.2517
-40.286,45.928,2.2496
-40.663,46.403,2.2436
-41.036,46.869,2.2440
-41.408,47.339,2.2428
-41.782,47.804,2.2409
-42.146,48.267,2.2404
-42.513,48.733,2.2373
-42.889,49.210,2.2353
-43.260,49.683,2.2332
-43.614,50.141,2.2289
-43.984,50.619,2.2277
-44.354,51.105,2.2272
-44.723,51.580,2.2536
-45.097,52.066,2.2146
-45.391,52.349,2.1504
-45.497,52.628,2.0945
-45.760,53.164,2.0521
-45.913,53.479,2.0844
-46.340,54.166,2.1070
-46.650,54.672,2.1144
-46.977,55.212,2.1072
-47.288,55.754,2.1025
-47.497,56.112,2.1019
-47.683,56.428,2.1068
-48.119,57.156,2.3500
-48.331,57.510,2.8246
-48.623,57.252,-2.7795
-49.140,56.906,-2.5298
-49.616,56.589,-2.5535
-50.127,56.250,-2.5481
-50.604,55.931,-2.5453
-51.095,55.587,-2.5409
-51.611,55.235,-2.5429
-52.128,54.879,-2.5477
-52.637,54.544,-2.5509
-53.139,54.207,-2.5599
-53.654,53.865,-2.5624
-54.169,53.537,-2.5672
-54.715,53.185,-2.5678
-55.245,52.844,-2.5691
-55.823,52.463,-2.5693
-56.321,52.150,-2.5677
-56.876,51.793,-2.5682
-57.409,51.445,-2.5665
-57.675,51.267,-2.5481
-57.975,51.078,-2.5296
-58.311,50.825,-2.5201
-58.808,50.463,-2.5092
-59.299,50.104,-2.5135
-59.768,49.764,-2.5151
-60.261,49.409,-2.5193
-60.821,49.006,-2.5199
-61.309,48.662,-2.5202
-61.803,48.306,-2.5235
-62.307,47.944,-2.5235
-62.800,47.599,-2.5240
-63.285,47.257,-2.5243
-63.767,46.911,-2.5225
-64.264,46.555,-2.5253
-64.755,46.206,-2.5289
-65.270,45.851,-2.5325
-65.777,45.498,-2.5342
-66.288,45.143,-2.5329
-66.703,44.852,-2.5329
-67.148,44.542,-3.0099
-67.483,44.309,2.7774
-67.904,44.929,2.3778
-68.285,45.455,2.1844
-68.661,45.991,2.1926
-68.998,46.460,2.1890
-69.371,46.976,2.1873
-69.728,47.484,2.1896
-70.072,47.982,2.1868
-70.438,48.482,2.1877
-70.798,48.992,2.1872
-71.155,49.496,2.1815
-71.508,50.009,2.1807
-71.856,50.508,2.1781
-72.215,51.020,2.1824
-72.565,51.525,2.1823
-72.933,52.041,2.1807
-73.283,52.543,2.1818
-73.642,53.062,2.1791
-74.001,53.575,2.1774
-74.362,54.093,2.1754
-74.727,54.624,2.1730
-75.079,55.142,2.1701
-75.435,55.661,2.1717
-75.780,56.169,2.1727
-76.139,56.684,2.1734
-76.488,57.193,2.1741
-76.837,57.699,2.1707
-77.185,58.208,2.1673
-77.537,58.728,2.1668
-77.882,59.246,2.1645
-78.233,59.757,2.1645
-78.578,60.272,2.1677
-78.920,60.777,2.1666
-79.276,61.297,2.1675
-79.625,61.810,2.1653
-79.976,62.330,2.1612
-80.312,62.836,2.1617
-80.649,63.346,2.1606
-81.005,63.867,2.1629
-81.348,64.380,2.1604
-81.693,64.889,2.1570
-82.031,65.412,2.1548
-82.365,65.915,2.1538
-82.703,66.430,2.1580
-83.049,66.945,2.1571
-83.396,67.463,2.1804
-83.619,67.803,2.1957
-84.085,68.409,2.2113
-84.460,68.901,2.2226
-84.839,69.399,2.2190
-85.203,69.879,2.2184
-85.577,70.379,2.2186
-86.037,70.986,2.2175
-86.413,71.479,2.2197
-86.787,71.977,2.2181
-87.172,72.482,2.2122
-87.536,72.969,2.2116
-87.908,73.481,2.2112
-88.251,73.940,2.2090
-88.625,74.432,2.2140
-89.001,74.944,2.2129
-89.380,75.445,2.2091
-89.760,75.958,2.2103
-90.131,76.462,2.2078
-90.508,76.970,2.2060
-90.874,77.464,2.2080
-91.249,77.978,2.2074
-91.576,78.414,2.2035
-91.804,78.723,2.2029
-92.062,79.084,2.2014
-92.450,79.618,2.2016
-92.677,79.922,2.2050
-93.183,80.611,2.2035
-93.453,80.975,2.2029
-93.811,81.474,2.1987
-94.042,81.786,2.5250
-94.232,82.056,3.1314
-94.538,81.744,-2.6865
-94.895,81.485,-2.4848
-95.397,81.123,-2.5208
-95.909,80.763,-2.5230
-96.009,80.692,-2.5280
