file,session,score,hole,frag,driv,flicker,road_conf,sidewalk_conf,bright,reason
0706_152547__frame_00274_153930_840.jpg,0706_152547,3.86,0.086,5,0.73,0.20,0.94,0.00,93,auto
0706_152547__frame_00225_153703_733.jpg,0706_152547,3.59,0.001,4,0.44,0.51,0.82,0.59,101,auto
0618_145337__frame_00155_150123_227.jpg,0618_145337,2.75,0.003,2,0.30,0.70,0.85,0.00,113,auto
0618_145337__frame_00203_150347_327.jpg,0618_145337,2.48,0.022,1,0.18,0.81,0.63,0.00,117,auto
0706_152547__frame_00356_154337_017.jpg,0706_152547,2.44,0.013,3,0.73,0.27,0.91,0.00,116,auto
0706_152547__frame_00573_155546_519.jpg,0706_152547,2.25,0.009,2,0.92,0.92,0.88,0.00,119,auto
0618_150720__frame_00311_151744_138.jpg,0618_150720,2.22,0.000,3,0.80,0.18,0.97,0.00,115,auto
0703_151305__frame_00263_152615_697.jpg,0703_151305,2.12,0.002,1,0.31,0.68,0.61,0.00,118,auto
0703_151305__frame_00584_154219_892.jpg,0703_151305,2.05,0.000,0,0.04,0.89,0.83,0.00,116,auto
0706_152547__frame_00013_152627_209.jpg,0706_152547,2.03,0.000,0,0.04,0.88,0.67,0.00,96,auto
0702_170249__frame_00310_171821_014.jpg,0702_170249,1.95,0.011,1,0.27,0.43,0.75,0.00,106,auto
0706_152547__frame_00548_155431_466.jpg,0706_152547,1.91,0.000,2,0.65,0.30,0.87,0.00,92,auto
0706_152547__frame_00434_154731_185.jpg,0706_152547,1.82,0.000,2,0.59,0.12,0.86,0.00,105,auto
0703_160910__frame_00538_163606_883.jpg,0703_160910,1.81,0.007,1,0.46,0.54,0.85,0.84,108,auto
0703_151305__frame_00319_152903_848.jpg,0703_151305,1.80,0.018,2,0.76,0.24,0.96,0.00,116,auto
0618_145337__frame_00236_150526_395.jpg,0618_145337,1.73,0.000,0,0.11,0.66,0.68,0.00,96,auto
0703_151305__frame_00284_152718_742.jpg,0703_151305,1.72,0.000,0,0.07,0.60,0.55,0.00,112,auto
0706_152547__frame_00314_154130_926.jpg,0706_152547,1.55,0.009,2,0.74,0.01,0.94,0.00,79,auto
0706_152547__frame_00394_154531_099.jpg,0706_152547,1.52,0.000,2,0.75,0.01,0.95,0.88,104,auto
0605_154345__frame_02358_160327_622.jpg,0605_154345,1.51,0.002,2,0.85,0.11,0.95,0.93,101,auto
0702_170249__frame_00333_171930_063.jpg,0702_170249,1.47,0.000,0,0.26,0.58,0.88,0.00,88,auto
0703_151305__frame_00031_151439_118.jpg,0703_151305,1.35,0.000,0,0.36,0.57,0.65,0.00,103,auto
0703_151305__frame_00153_152045_437.jpg,0703_151305,1.23,0.000,0,0.35,0.44,0.85,0.00,104,auto
0702_170249__frame_00269_171617_892.jpg,0702_170249,1.20,0.000,0,0.45,0.54,0.93,0.88,155,auto
0703_151305__frame_00550_154037_798.jpg,0703_151305,1.15,0.000,0,0.26,0.26,0.88,0.00,117,auto
0703_151305__frame_00308_152830_825.jpg,0703_151305,1.13,0.000,0,0.37,0.37,0.74,0.00,115,auto
0605_154345__frame_03249_161053_597.jpg,0605_154345,1.12,0.000,0,0.42,0.43,0.77,0.56,120,auto
0706_152547__frame_00248_153812_784.jpg,0706_152547,1.12,0.000,0,0.39,0.39,0.90,0.00,122,auto
0703_160910__frame_00187_161832_864.jpg,0703_160910,1.10,0.000,1,0.74,0.19,0.96,0.60,113,auto
0703_151305__frame_00574_154149_864.jpg,0703_151305,1.09,0.001,0,0.41,0.37,0.58,0.00,122,auto
0618_145337__frame_00256_150626_436.jpg,0618_145337,1.09,0.000,0,0.57,0.57,0.97,0.94,124,auto
0605_154345__frame_01065_155239_541.jpg,0605_154345,1.07,0.003,0,0.73,0.73,0.89,0.00,121,auto
0618_145337__frame_00220_150438_361.jpg,0618_145337,1.06,0.000,0,0.72,0.72,0.94,0.93,117,auto
0703_151305__frame_00513_153846_660.jpg,0703_151305,1.04,0.000,0,0.52,0.46,0.96,0.93,110,auto
0605_154345__frame_00597_154844_878.jpg,0605_154345,1.03,0.000,0,0.84,0.84,0.90,0.00,134,auto
0703_151305__frame_00021_151409_097.jpg,0703_151305,1.02,0.001,0,0.91,0.91,0.58,0.80,110,auto
0702_170249__frame_00484_172703_459.jpg,0702_170249,1.01,0.001,0,0.95,0.95,0.97,0.84,105,auto
0706_152547__frame_00293_154027_881.jpg,0706_152547,1.01,0.001,0,0.96,0.96,0.96,0.61,82,auto
0618_150720__frame_00058_150917_755.jpg,0618_150720,1.01,0.003,0,0.99,0.99,0.94,0.87,137,auto
0703_151305__frame_00106_151824_338.jpg,0703_151305,1.01,0.000,0,0.52,0.43,0.93,0.00,101,auto
0703_151305__frame_00162_152112_496.jpg,0703_151305,1.01,0.002,0,1.00,1.00,0.96,0.85,118,auto
0706_152547__frame_00582_155613_539.jpg,0706_152547,1.01,0.001,0,0.99,0.99,0.00,0.86,96,auto
0618_150720__frame_00030_150821_714.jpg,0618_150720,1.00,0.000,0,1.00,1.00,0.98,0.89,115,auto
0703_160910__frame_00497_163403_734.jpg,0703_160910,0.99,0.000,1,0.68,0.01,0.94,0.53,116,auto
0618_144733__frame_00022_144840_296.jpg,0618_144733,0.95,0.000,0,0.57,0.43,0.92,0.00,113,auto
0703_151305__frame_00329_152933_903.jpg,0703_151305,0.94,0.001,0,0.45,0.28,0.96,0.91,110,auto
0706_152547__frame_00335_154233_971.jpg,0706_152547,0.94,0.002,0,0.45,0.28,0.84,0.00,102,auto
0618_145337__frame_00024_145449_955.jpg,0618_145337,0.93,0.000,0,0.58,0.42,0.86,0.00,112,auto
0618_150720__frame_00127_151135_849.jpg,0618_150720,0.88,0.000,0,0.50,0.28,0.90,0.70,112,auto
0703_151305__frame_00238_152500_647.jpg,0703_151305,0.87,0.000,0,0.60,0.39,0.76,0.00,111,auto
0702_170249__frame_00042_170456_266.jpg,0702_170249,0.79,0.000,0,0.61,0.33,0.89,0.00,113,auto
0618_145337__frame_00192_150314_304.jpg,0618_145337,0.75,0.000,0,0.63,0.31,0.89,0.00,101,auto
0605_154345__frame_01027_155220_494.jpg,0605_154345,0.75,0.000,0,0.48,0.12,0.87,0.00,114,auto
0703_151305__frame_00759_155105_484.jpg,0703_151305,0.74,0.000,0,0.64,0.31,0.94,0.00,112,auto
0618_145337__frame_00179_150235_277.jpg,0618_145337,0.71,0.001,1,0.94,0.04,0.97,0.80,114,auto
0605_154345__frame_00527_154809_854.jpg,0605_154345,0.67,0.000,0,0.63,0.22,0.88,0.00,121,auto
0702_170249__frame_00056_170538_297.jpg,0702_170249,0.67,0.000,0,0.68,0.28,0.90,0.00,112,auto
0706_152547__frame_00160_153348_593.jpg,0706_152547,0.66,0.002,1,0.97,0.02,0.97,0.78,94,auto
0706_152325__frame_00081_152421_907.jpg,0706_152325,0.66,0.000,1,0.96,0.01,0.96,0.79,98,auto
0706_152325__frame_00036_152358_951.jpg,0706_152325,0.66,0.000,1,0.95,0.00,0.96,0.82,104,auto
0706_152325__frame_00091_152426_972.jpg,0706_152325,0.63,0.000,1,0.98,0.00,0.92,0.84,104,auto
0706_152547__frame_00059_152845_343.jpg,0706_152547,0.62,0.000,1,0.98,0.00,0.95,0.61,98,auto
0706_152547__frame_00126_153206_520.jpg,0706_152547,0.62,0.000,1,0.99,0.00,0.90,0.83,102,auto
0605_154345__frame_01541_155638_205.jpg,0605_154345,0.62,0.000,1,0.99,0.00,0.97,0.84,149,auto
0605_154345__frame_00512_154802_349.jpg,0605_154345,0.61,0.000,1,0.99,0.00,0.85,0.93,122,auto
0605_154345__frame_01035_155224_497.jpg,0605_154345,0.61,0.000,0,0.71,0.25,0.85,0.00,124,auto
0706_152547__frame_00147_153309_565.jpg,0706_152547,0.58,0.000,0,0.57,0.07,0.96,0.00,93,auto
0706_152547__frame_00563_155516_498.jpg,0706_152547,0.55,0.004,0,0.76,0.24,0.59,0.00,106,auto
0706_152547__frame_00101_153051_433.jpg,0706_152547,0.52,0.000,0,0.67,0.13,0.93,0.85,108,auto
0703_151305__frame_00253_152545_678.jpg,0703_151305,0.50,0.002,0,0.72,0.16,0.96,0.70,107,auto
0618_145337__frame_00134_150020_183.jpg,0618_145337,0.46,0.000,0,0.79,0.21,0.83,0.00,113,auto
0706_152547__frame_00264_153900_819.jpg,0706_152547,0.44,0.055,0,0.84,0.03,0.97,0.00,92,auto
0703_151305__frame_00010_151336_075.jpg,0703_151305,0.44,0.000,0,0.69,0.07,0.94,0.84,99,auto
0706_152547__frame_00217_153639_716.jpg,0706_152547,0.37,0.000,0,0.77,0.09,0.96,0.64,96,auto
0618_145337__frame_00036_145525_980.jpg,0618_145337,0.36,0.000,0,0.84,0.16,0.84,0.00,110,auto
0702_170249__frame_00521_172854_571.jpg,0702_170249,0.35,0.000,0,0.74,0.04,0.96,0.77,130,auto
0703_151305__frame_00066_151624_256.jpg,0703_151305,0.35,0.001,0,0.99,0.33,0.97,0.94,112,auto
0706_152547__frame_00413_154628_140.jpg,0706_152547,0.35,0.000,0,0.73,0.02,0.93,0.71,105,auto
0618_145337__frame_00073_145717_057.jpg,0618_145337,0.33,0.001,0,1.00,0.31,0.97,0.96,118,auto
0706_152547__frame_00448_154813_217.jpg,0706_152547,0.32,0.000,0,0.79,0.07,0.95,0.84,107,auto
0706_152547__frame_00488_155131_336.jpg,0706_152547,0.32,0.000,0,0.76,0.03,0.95,0.79,108,auto
0706_152325__frame_00002_152341_840.jpg,0706_152325,0.31,0.001,0,0.95,0.24,0.96,0.80,141,auto
0605_154345__frame_03374_161156_207.jpg,0605_154345,0.31,0.000,0,0.80,0.08,0.95,0.82,122,auto
0706_152547__frame_00464_154901_251.jpg,0706_152547,0.31,0.000,0,0.77,0.03,0.97,0.84,111,auto
0605_154345__frame_02957_160827_429.jpg,0605_154345,0.30,0.000,0,0.96,0.25,0.97,0.90,128,auto
0702_170249__frame_00494_172733_480.jpg,0702_170249,0.29,0.000,0,0.80,0.05,0.97,0.80,134,auto
0703_160910__frame_00815_164958_762.jpg,0703_160910,0.29,0.000,0,0.84,0.10,0.97,0.62,135,auto
0605_154345__frame_01075_155244_544.jpg,0605_154345,0.28,0.000,0,1.00,0.27,0.97,0.90,128,auto
0702_170249__frame_00507_172812_542.jpg,0702_170249,0.27,0.000,0,0.80,0.04,0.96,0.79,136,auto
0605_154345__frame_00536_154814_357.jpg,0605_154345,0.27,0.000,0,1.00,0.26,0.00,0.94,127,auto
0702_170249__frame_00028_170414_203.jpg,0702_170249,0.26,0.000,0,0.79,0.01,0.97,0.84,122,auto
0703_160910__frame_00803_164922_728.jpg,0703_160910,0.26,0.000,0,0.81,0.02,0.97,0.74,121,auto
0706_152547__frame_00425_154704_165.jpg,0706_152547,0.23,0.000,0,0.84,0.03,0.97,0.73,113,auto
0703_160910__frame_00638_164107_203.jpg,0703_160910,0.22,0.000,0,0.86,0.05,0.96,0.62,115,auto
0706_152547__frame_00111_153121_455.jpg,0706_152547,0.21,0.000,0,0.85,0.03,0.97,0.81,102,auto
0605_154345__frame_03307_161122_651.jpg,0605_154345,0.19,0.000,0,0.86,0.02,0.98,0.59,121,auto
0703_160910__frame_00506_163430_796.jpg,0703_160910,0.18,0.000,0,0.89,0.05,0.97,0.84,139,auto
0618_145337__frame_00247_150559_418.jpg,0618_145337,0.18,0.000,0,0.91,0.07,0.96,0.64,117,auto
0702_170249__frame_00018_170344_147.jpg,0702_170249,0.17,0.000,0,0.88,0.02,0.98,0.61,122,auto
0618_150720__frame_00357_151916_202.jpg,0618_150720,0.16,0.000,0,0.93,0.07,0.97,0.80,122,auto
0703_160910__frame_00664_164225_306.jpg,0703_160910,0.15,0.000,0,0.88,0.01,0.97,0.76,115,auto
0618_145337__frame_00059_145635_026.jpg,0618_145337,0.15,0.009,0,0.99,0.10,0.61,0.92,114,auto
0706_152547__frame_00496_155155_353.jpg,0706_152547,0.15,0.013,0,0.94,0.02,0.96,0.75,117,auto
0706_152547__frame_00025_152703_237.jpg,0706_152547,0.14,0.000,0,0.91,0.03,0.96,0.81,106,auto
0703_160910__frame_00489_163339_713.jpg,0703_160910,0.13,0.000,0,0.94,0.05,0.96,0.54,112,auto
0706_152547__frame_00348_154312_999.jpg,0706_152547,0.13,0.005,0,0.92,0.01,0.97,0.67,93,auto
0702_170249__frame_00238_171444_792.jpg,0702_170249,0.13,0.001,0,0.91,0.01,0.97,0.75,138,auto
0605_154345__frame_01019_155216_491.jpg,0605_154345,0.12,0.000,0,0.94,0.05,0.95,0.84,124,auto
0702_170249__frame_00159_171047_587.jpg,0702_170249,0.12,0.001,0,0.91,0.00,0.98,0.81,116,auto
0706_152325__frame_00052_152407_031.jpg,0706_152325,0.10,0.009,0,0.95,0.00,0.96,0.84,104,auto
0706_152325__frame_00073_152417_797.jpg,0706_152325,0.10,0.008,0,0.94,0.00,0.95,0.81,108,auto
0706_152325__frame_00018_152349_944.jpg,0706_152325,0.10,0.009,0,0.95,0.00,0.96,0.84,104,auto
0706_152325__frame_00063_152412_627.jpg,0706_152325,0.07,0.000,0,0.95,0.00,0.96,0.81,105,auto
0706_152325__frame_00010_152345_874.jpg,0706_152325,0.06,0.000,0,0.95,0.01,0.96,0.83,104,auto
0706_152325__frame_00028_152354_947.jpg,0706_152325,0.06,0.000,0,0.95,0.00,0.96,0.83,104,auto
0706_152547__frame_00238_153742_762.jpg,0706_152547,0.06,0.004,0,0.97,0.00,0.97,0.85,103,auto
0703_160910__frame_00149_161638_723.jpg,0703_160910,0.05,0.000,0,0.97,0.01,0.97,0.84,114,auto
0605_154345__frame_01743_155819_375.jpg,0605_154345,0.05,0.008,0,0.99,0.00,0.78,0.92,151,auto
0618_150720__frame_00079_150959_784.jpg,0618_150720,0.04,0.000,0,0.98,0.02,0.94,0.64,110,auto
0605_154345__frame_00071_154421_563.jpg,0605_154345,0.04,0.000,0,0.98,0.01,0.98,0.74,123,auto
0605_154345__frame_01728_155811_837.jpg,0605_154345,0.04,0.006,0,0.99,0.00,0.76,0.93,151,auto
0618_150720__frame_00382_152006_236.jpg,0618_150720,0.03,0.005,0,1.00,0.01,0.55,0.91,110,auto
0706_152547__frame_00322_154154_944.jpg,0706_152547,0.03,0.000,0,0.98,0.01,0.98,0.78,97,auto
0605_154345__frame_03275_161106_606.jpg,0605_154345,0.02,0.000,0,0.99,0.01,0.98,0.81,123,auto
0605_154345__frame_03358_161148_202.jpg,0605_154345,0.02,0.002,0,0.99,0.00,0.91,0.70,111,auto
0605_154345__frame_03197_161027_579.jpg,0605_154345,0.01,0.002,0,1.00,0.00,0.98,0.55,115,auto
0605_154345__frame_01713_155804_332.jpg,0605_154345,0.01,0.000,0,0.99,0.00,0.95,0.77,148,auto
0618_150720__frame_00348_151858_189.jpg,0618_150720,0.01,0.000,0,0.99,0.00,0.97,0.72,125,auto
0605_154345__frame_03289_161113_611.jpg,0605_154345,0.01,0.000,0,1.00,0.00,0.98,0.82,122,auto
0605_154345__frame_00099_154435_573.jpg,0605_154345,0.01,0.000,0,1.00,0.00,0.98,0.58,126,auto
0605_154345__frame_00113_154442_577.jpg,0605_154345,0.01,0.000,0,1.00,0.00,0.98,0.82,113,auto
0605_154345__frame_00082_154427_067.jpg,0605_154345,0.01,0.000,0,1.00,0.00,0.98,0.60,120,auto
0703_160910__frame_00269_162239_093.jpg,0703_160910,0.00,0.000,0,1.00,0.00,0.59,0.93,104,auto
0706_152547__frame_00105_153103_442.jpg,0706_152547,0.28,0.000,0,0.77,-,0.96,0.89,-,intersection
0706_152547__frame_00115_153133_463.jpg,0706_152547,0.07,0.000,0,0.95,-,0.97,0.89,-,intersection
0706_152547__frame_00122_153154_513.jpg,0706_152547,0.00,0.000,0,1.00,-,0.97,0.88,-,intersection
0706_152547__frame_00156_153336_585.jpg,0706_152547,0.28,0.000,0,0.76,-,0.95,0.92,-,intersection
0706_152547__frame_00170_153418_616.jpg,0706_152547,0.04,0.000,0,0.96,-,0.98,0.94,-,intersection
0706_152547__frame_00166_153406_607.jpg,0706_152547,0.02,0.000,0,0.99,-,0.98,0.95,-,intersection
0706_152547__frame_00135_153233_540.jpg,0706_152547,0.36,0.000,0,0.70,-,0.91,0.00,-,intersection
0706_152547__frame_00143_153257_557.jpg,0706_152547,0.33,0.000,0,0.73,-,0.93,0.00,-,intersection
0706_152547__frame_00139_153245_549.jpg,0706_152547,0.31,0.000,0,0.75,-,0.96,0.00,-,intersection
0706_152547__frame_00151_153321_576.jpg,0706_152547,0.24,0.000,0,0.80,-,0.97,0.00,-,intersection
0706_152547__frame_00130_153218_529.jpg,0706_152547,0.08,0.000,0,0.93,-,0.98,0.00,-,intersection
0706_152547__frame_00555_155452_481.jpg,0706_152547,1.35,0.001,1,0.37,-,0.74,0.00,-,nearB
0706_152547__frame_00567_155528_506.jpg,0706_152547,1.57,0.003,2,0.70,-,0.91,0.00,-,nearB
0706_152547__frame_00269_153915_829.jpg,0706_152547,1.04,0.071,1,0.87,-,0.97,0.51,-,nearB
0706_152547__frame_00544_155419_457.jpg,0706_152547,1.03,0.000,0,0.14,-,0.82,0.00,-,nearB
0706_152547__frame_00279_153945_851.jpg,0706_152547,0.12,0.004,0,0.91,-,0.89,0.00,-,nearB
0706_152547__frame_00244_153800_774.jpg,0706_152547,0.06,0.002,0,0.95,-,0.98,0.90,-,nearB
0706_152547__frame_00253_153827_794.jpg,0706_152547,0.05,0.001,0,0.96,-,0.98,0.72,-,nearB
0706_152547__frame_00532_155343_431.jpg,0706_152547,0.01,0.001,0,0.99,-,0.98,0.90,-,nearB
0706_152547__frame_00259_153845_806.jpg,0706_152547,0.31,0.032,0,0.85,-,0.98,0.00,-,nearB
0706_152547__frame_00536_155355_440.jpg,0706_152547,0.27,0.000,0,0.77,-,0.95,0.00,-,nearB
0706_152547__frame_00578_155601_529.jpg,0706_152547,0.14,0.009,0,0.91,-,0.97,0.00,-,nearB
0706_152547__frame_00540_155407_447.jpg,0706_152547,0.08,0.000,0,0.94,-,0.96,0.00,-,nearB
0706_152547__frame_00128_153212_525.jpg,0706_152547,0.03,0.000,0,0.98,-,0.96,0.87,-,user-pick
0706_152547__frame_00137_153239_543.jpg,0706_152547,0.34,0.001,0,0.72,-,0.94,0.00,-,user-pick
0706_152547__frame_00263_153857_816.jpg,0706_152547,0.29,0.017,0,0.81,-,0.98,0.00,-,user-pick
