# 路線 B→C, 188.6 m  (x,y,yaw_rad)
290.811,-0.455,3.0952
290.811,-0.455,3.0952
290.778,-0.445,-2.8774
290.709,-0.451,-2.7218
290.670,-0.493,-2.4076
290.661,-0.522,-3.0639
290.663,-0.548,-3.0965
288.509,-0.622,-3.1177
288.501,-0.591,-3.1399
288.474,-0.575,2.6522
288.394,-0.552,3.0458
288.372,-0.548,3.1027
288.236,-0.566,-3.0735
288.200,-0.564,-3.0094
288.198,-0.566,-2.8202
288.149,-0.578,-3.0354
288.059,-0.625,-3.0690
288.052,-0.580,2.4317
288.107,-0.572,0.9131
288.125,-0.557,0.7613
288.133,-0.529,1.2768
288.136,-0.500,1.4700
288.140,-0.463,1.7944
288.138,-0.432,2.2222
288.108,-0.421,-2.8850
288.092,-0.442,-2.9950
288.060,-0.484,-3.0228
287.564,-0.517,-3.0618
287.078,-0.544,3.1279
286.769,-0.548,3.0511
286.402,-0.461,2.9976
286.016,-0.377,2.9911
285.924,-0.376,3.0431
285.448,-0.348,3.0843
284.936,-0.316,3.0792
284.423,-0.285,3.0776
284.173,-0.267,3.0767
284.018,-0.256,3.0749
283.530,-0.225,3.0788
283.460,-0.221,3.0754
283.293,-0.211,3.1178
282.584,-0.161,-3.1338
282.070,-0.190,-3.1128
281.668,-0.235,-3.0676
281.389,-0.266,-3.0923
280.890,-0.286,-3.1165
280.185,-0.283,-3.1322
279.463,-0.290,-3.1409
279.060,-0.288,3.1373
279.445,-0.287,0.0246
279.714,-0.281,0.0099
279.944,-0.278,3.1289
279.808,-0.281,-3.1398
279.099,-0.283,-3.1395
278.390,-0.284,-3.1410
277.664,-0.283,-3.1412
276.953,-0.282,3.1390
276.697,-0.284,0.3437
276.984,-0.280,0.0093
277.692,-0.273,0.0093
277.792,-0.275,0.1700
277.724,-0.274,-3.1377
277.024,-0.273,-3.1387
276.301,-0.278,-3.1384
275.583,-0.281,-3.1372
274.873,-0.284,3.1404
274.478,-0.284,3.1405
273.747,-0.275,3.1383
273.037,-0.278,3.1360
272.321,-0.275,3.1371
271.600,-0.268,3.1338
270.896,-0.263,3.1330
270.170,-0.256,3.1312
269.429,-0.250,3.1288
268.725,-0.238,3.1277
268.002,-0.226,3.1259
267.277,-0.216,3.1272
266.551,-0.205,3.1279
265.816,-0.196,3.1240
265.089,-0.186,3.1233
264.362,-0.164,3.1171
263.693,-0.153,3.1019
264.209,-0.157,0.0080
264.587,-0.166,-0.0130
264.527,-0.163,-0.0215
264.598,-0.165,3.0991
264.632,-0.166,3.1228
264.537,-0.164,3.1245
263.825,-0.150,3.1217
263.092,-0.139,3.1226
262.369,-0.121,3.1220
261.648,-0.109,3.1184
260.914,-0.093,3.1163
260.205,-0.072,3.1131
259.459,-0.047,3.1123
258.739,-0.026,3.1129
258.028,-0.008,3.1126
257.301,0.012,3.1113
256.586,0.036,3.1076
255.841,0.062,3.1007
255.117,0.090,3.0976
254.366,0.131,3.0939
253.639,0.166,3.0914
252.906,0.202,3.0948
252.189,0.238,3.0929
251.471,0.267,3.0927
250.899,0.299,3.0917
250.179,0.335,3.0856
249.456,0.374,3.0866
248.755,0.419,3.0861
248.036,0.457,3.0845
247.319,0.494,3.0863
246.594,0.538,3.0828
245.869,0.579,3.0769
245.164,0.626,3.0750
244.455,0.680,2.9739
244.974,0.646,-0.0374
245.660,0.614,-0.0532
246.151,0.589,-0.0424
246.093,0.593,-0.0039
245.772,0.612,3.0805
245.722,0.614,3.0755
245.133,0.651,3.0705
244.473,0.700,3.0710
243.718,0.758,3.0938
243.468,0.773,-3.1261
243.473,0.730,-2.6012
243.503,0.685,-0.5837
243.563,0.665,-0.1160
243.605,0.683,2.6064
243.552,0.721,-3.1399
243.441,0.722,-3.0414
243.123,0.664,-2.9948
242.830,0.605,-2.9724
242.706,0.596,-2.9801
242.522,0.479,0.3430
242.565,0.546,0.3256
243.436,0.805,0.3020
243.466,0.797,0.2107
243.461,0.771,-1.0709
243.474,0.740,-1.3085
243.482,0.720,-1.0362
243.494,0.693,-0.9704
243.518,0.675,-1.2813
243.546,0.635,-1.4010
243.549,0.496,-1.4870
243.553,0.348,-1.5387
243.559,0.189,-1.5382
243.565,0.044,-1.5363
243.569,-0.114,-1.5390
243.574,-0.266,-1.5466
243.578,-0.425,-1.5511
243.580,-0.580,-1.5707
243.580,-0.677,-1.6165
243.574,-0.721,-1.6307
243.552,-0.998,-1.6409
243.545,-1.159,-1.6348
243.542,-1.210,-1.6357
243.538,-1.286,-1.6448
243.513,-1.595,-1.6452
243.452,-2.411,-1.6461
243.441,-2.571,-1.6461
243.430,-2.723,-1.6497
243.404,-3.049,-1.6513
243.389,-3.216,-1.6499
243.375,-3.383,-1.6463
243.364,-3.546,-1.6479
243.355,-3.699,-1.6485
243.339,-3.860,-1.6431
243.325,-4.029,-1.6460
243.306,-4.347,-1.6408
243.282,-4.664,-1.6375
243.271,-4.824,-1.6427
243.261,-4.987,-1.6446
243.249,-5.148,-1.6485
243.223,-5.460,-1.6494
243.210,-5.618,-1.6478
243.198,-5.779,-1.6425
243.175,-6.099,-1.6448
243.166,-6.259,-1.6494
243.150,-6.417,-1.6487
243.136,-6.573,-1.6587
243.126,-6.733,-1.6520
243.110,-6.896,-1.6309
243.086,-7.213,-1.6064
243.079,-7.521,-1.5903
243.086,-7.841,-1.5639
243.088,-7.999,-1.5483
243.092,-8.155,-1.5483
243.097,-8.316,-1.5454
243.104,-8.638,-1.5487
243.108,-8.801,-1.5495
243.110,-8.966,-1.5516
243.114,-9.133,-1.5519
243.117,-9.297,-1.5505
243.121,-9.455,-1.5502
243.123,-9.617,-1.5473
243.131,-9.933,-1.5501
243.135,-10.090,-1.5555
243.137,-10.254,-1.5514
243.143,-10.907,-1.5543
243.159,-11.397,-1.5530
243.160,-11.558,-1.5559
243.166,-11.887,-1.5633
243.169,-12.679,-1.5596
243.170,-12.835,-1.5643
243.181,-13.482,-1.5619
243.179,-13.806,-1.5616
243.181,-13.974,-1.5691
243.186,-14.614,-1.5631
243.183,-14.777,-1.5640
243.189,-15.106,-1.5671
243.193,-15.750,-1.5636
243.191,-16.069,-1.5653
243.194,-16.235,-1.5668
243.198,-16.727,-1.5637
243.200,-17.531,-1.5633
243.208,-18.346,-1.5614
243.211,-18.508,-1.5569
243.220,-19.056,-1.5527
243.222,-19.082,-1.5578
243.235,-19.869,-1.5635
243.239,-20.679,-1.5677
243.237,-21.463,-1.5757
243.232,-22.271,-1.5664
243.221,-22.777,-1.5329
243.249,-22.849,-1.5192
243.290,-22.847,-1.3655
243.262,-22.857,1.5974
243.237,-22.854,1.6089
243.233,-22.260,1.5888
243.237,-21.457,1.5707
243.244,-20.768,-1.5858
243.245,-20.879,-1.5872
243.236,-21.338,-1.5940
243.222,-22.143,-1.5684
243.196,-22.847,-1.5521
243.249,-22.856,-1.4944
243.264,-22.852,0.1124
243.276,-22.843,0.5993
243.287,-22.836,0.6415
243.295,-22.825,0.8509
243.308,-22.820,1.0517
243.307,-22.807,1.1994
243.311,-22.793,1.5916
243.314,-22.776,1.6436
243.307,-22.764,1.8418
243.303,-22.749,2.1297
243.295,-22.735,2.4621
243.281,-22.724,-3.0692
243.223,-22.696,-3.0807
243.145,-22.761,-3.1358
242.835,-22.763,3.1411
242.196,-22.730,3.0949
241.565,-22.695,3.0881
240.934,-22.658,3.0814
240.772,-22.652,3.0924
239.949,-22.594,3.1133
239.339,-22.586,3.1202
238.537,-22.590,-3.1358
238.206,-22.597,-3.1289
237.412,-22.609,-3.1293
236.779,-22.618,-3.1324
235.981,-22.621,-3.1338
235.167,-22.625,-3.1353
234.366,-22.633,-3.1341
233.719,-22.638,-3.1356
233.232,-22.642,-3.1376
232.922,-22.639,-3.1407
232.450,-22.640,-3.1404
231.975,-22.639,3.1407
231.496,-22.644,3.1406
230.848,-22.637,-3.1408
230.365,-22.638,-3.1414
230.050,-22.641,-3.1387
229.580,-22.644,3.1398
228.950,-22.642,3.1389
228.145,-22.634,3.1351
227.985,-22.635,3.1378
227.660,-22.632,3.1374
226.875,-22.634,3.1375
226.074,-22.626,3.1374
225.438,-22.625,3.1343
225.276,-22.622,3.1366
224.958,-22.620,3.1270
224.799,-22.619,3.1256
224.006,-22.604,3.1251
223.375,-22.591,3.1245
223.048,-22.589,3.1254
222.416,-22.579,3.1237
222.100,-22.573,3.1216
221.300,-22.554,3.1176
221.140,-22.551,3.1128
220.498,-22.533,3.1102
219.704,-22.504,3.1110
219.220,-22.489,3.1100
218.745,-22.477,3.1095
218.274,-22.462,3.1100
217.955,-22.448,3.1028
217.634,-22.439,3.0996
216.821,-22.403,3.0995
216.035,-22.368,3.0978
215.715,-22.353,3.0963
214.939,-22.321,3.0963
214.151,-22.282,3.0979
213.368,-22.247,3.0981
212.753,-22.224,3.0986
212.109,-22.197,3.1008
211.331,-22.160,3.0975
211.176,-22.158,3.0956
210.389,-22.120,3.1006
209.930,-22.097,3.1194
209.667,-22.092,3.1379
208.903,-22.107,-3.1278
208.599,-22.113,-3.1201
208.290,-22.120,-3.1174
207.494,-22.139,-3.1181
207.219,-22.148,-3.1179
206.439,-22.164,-3.1185
205.639,-22.182,-3.1200
205.332,-22.189,-3.1209
204.539,-22.206,-3.1219
203.740,-22.220,-3.1218
202.964,-22.235,-3.1244
202.503,-22.245,-3.1245
202.039,-22.249,-3.1263
201.883,-22.251,-3.1291
201.094,-22.264,-3.1286
200.305,-22.272,-3.1336
199.639,-22.280,3.1216
200.366,-22.264,0.0459
200.727,-22.256,0.0848
200.612,-22.258,-3.1291
199.820,-22.265,-3.1286
199.041,-22.280,-3.1286
198.246,-22.289,-3.1287
197.465,-22.299,-3.1313
196.688,-22.305,-3.1329
195.900,-22.312,-3.1355
195.121,-22.316,-3.1362
194.349,-22.318,-3.1370
193.734,-22.321,-3.1370
193.578,-22.323,-3.1386
192.951,-22.326,-3.1405
192.327,-22.324,-3.1412
192.010,-22.323,3.1406
191.258,-22.324,3.1395
190.863,-22.324,3.1383
190.074,-22.319,3.1374
189.600,-22.315,3.1371
188.804,-22.314,3.1378
188.494,-22.313,3.1388
188.022,-22.312,3.1390
187.873,-22.311,3.1363
187.715,-22.311,3.1360
186.933,-22.305,3.1345
186.149,-22.301,3.1310
185.998,-22.297,3.1300
185.208,-22.285,3.1285
184.888,-22.281,3.1297
184.093,-22.274,3.1293
183.319,-22.265,3.1272
182.532,-22.252,3.1212
182.058,-22.240,3.1179
181.446,-22.220,3.1133
180.667,-22.203,3.1103
180.036,-22.181,3.1106
179.274,-22.153,3.1060
178.963,-22.143,3.1036
178.179,-22.114,3.1011
177.395,-22.081,3.0988
176.772,-22.051,3.0929
176.313,-22.030,3.0882
175.526,-21.985,3.0902
174.749,-21.939,3.1039
174.121,-21.915,3.1344
173.841,-21.937,-3.1124
173.378,-21.970,-3.0710
173.066,-21.988,-3.0719
172.442,-22.034,-3.0748
171.839,-22.076,-3.0757
171.160,-22.118,-3.0801
170.759,-22.141,-3.0839
170.129,-22.176,-3.0900
169.976,-22.184,-3.0924
169.346,-22.212,-3.0954
168.881,-22.233,-3.0946
168.729,-22.241,-3.0929
168.268,-22.264,-3.0928
168.111,-22.272,-3.0968
167.332,-22.309,-3.0990
166.565,-22.338,-3.0981
165.948,-22.363,-3.1010
165.640,-22.379,-3.1004
164.858,-22.409,-3.1020
164.553,-22.421,-3.1026
163.784,-22.449,-3.1037
163.022,-22.481,-3.1032
162.712,-22.491,-3.1034
161.940,-22.521,-3.1050
161.334,-22.543,-3.1045
161.017,-22.555,-3.1113
160.705,-22.565,-3.1153
160.237,-22.573,-3.1176
159.452,-22.592,-3.1188
158.803,-22.608,-3.1177
158.363,-22.618,-3.1175
157.584,-22.636,-3.1178
156.806,-22.656,-3.1204
156.485,-22.663,-3.1217
156.175,-22.665,-3.1262
155.552,-22.677,-3.1273
155.105,-22.682,-3.1260
154.337,-22.694,-3.1257
153.564,-22.706,-3.1262
153.201,-22.714,-3.1268
152.739,-22.718,-3.1291
152.264,-22.724,-3.1297
151.490,-22.732,-3.1274
150.703,-22.744,-3.1331
150.162,-22.755,2.4813
150.678,-22.738,0.0359
151.466,-22.713,0.0332
151.735,-22.707,0.0819
151.592,-22.707,-3.1218
150.804,-22.727,-3.1203
150.288,-22.736,-3.1194
149.807,-22.748,-3.1237
149.497,-22.754,-3.1230
148.705,-22.765,-3.1245
147.902,-22.780,-3.1250
