archived_path,label,train_data_source
0605_154345__frame_00071_154421_563.jpg,,train_data/session_20260605_154345/frame_00071_154421_563.jpg
0605_154345__frame_00082_154427_067.jpg,,train_data/session_20260605_154345/frame_00082_154427_067.jpg
0605_154345__frame_00099_154435_573.jpg,,train_data/session_20260605_154345/frame_00099_154435_573.jpg
0605_154345__frame_00113_154442_577.jpg,,train_data/session_20260605_154345/frame_00113_154442_577.jpg
0605_154345__frame_00512_154802_349.jpg,,train_data/session_20260605_154345/frame_00512_154802_349.jpg
0605_154345__frame_00527_154809_854.jpg,,train_data/session_20260605_154345/frame_00527_154809_854.jpg
0605_154345__frame_00536_154814_357.jpg,,train_data/session_20260605_154345/frame_00536_154814_357.jpg
0605_154345__frame_00597_154844_878.jpg,,train_data/session_20260605_154345/frame_00597_154844_878.jpg
0605_154345__frame_01019_155216_491.jpg,,train_data/session_20260605_154345/frame_01019_155216_491.jpg
0605_154345__frame_01027_155220_494.jpg,,train_data/session_20260605_154345/frame_01027_155220_494.jpg
0605_154345__frame_01035_155224_497.jpg,,train_data/session_20260605_154345/frame_01035_155224_497.jpg
0605_154345__frame_01065_155239_541.jpg,,train_data/session_20260605_154345/frame_01065_155239_541.jpg
0605_154345__frame_01075_155244_544.jpg,,train_data/session_20260605_154345/frame_01075_155244_544.jpg
0605_154345__frame_01541_155638_205.jpg,,train_data/session_20260605_154345/frame_01541_155638_205.jpg
0605_154345__frame_01713_155804_332.jpg,,train_data/session_20260605_154345/frame_01713_155804_332.jpg
0605_154345__frame_01728_155811_837.jpg,,train_data/session_20260605_154345/frame_01728_155811_837.jpg
0605_154345__frame_01743_155819_375.jpg,,train_data/session_20260605_154345/frame_01743_155819_375.jpg
0605_154345__frame_02358_160327_622.jpg,,train_data/session_20260605_154345/frame_02358_160327_622.jpg
0605_154345__frame_02957_160827_429.jpg,,train_data/session_20260605_154345/frame_02957_160827_429.jpg
0605_154345__frame_03197_161027_579.jpg,,train_data/session_20260605_154345/frame_03197_161027_579.jpg
0605_154345__frame_03249_161053_597.jpg,,train_data/session_20260605_154345/frame_03249_161053_597.jpg
0605_154345__frame_03275_161106_606.jpg,,train_data/session_20260605_154345/frame_03275_161106_606.jpg
0605_154345__frame_03289_161113_611.jpg,,train_data/session_20260605_154345/frame_03289_161113_611.jpg
0605_154345__frame_03307_161122_651.jpg,,train_data/session_20260605_154345/frame_03307_161122_651.jpg
0605_154345__frame_03358_161148_202.jpg,,train_data/session_20260605_154345/frame_03358_161148_202.jpg
0605_154345__frame_03374_161156_207.jpg,,train_data/session_20260605_154345/frame_03374_161156_207.jpg
0618_144733__frame_00022_144840_296.jpg,,train_data/session_20260618_144733/frame_00022_144840_296.jpg
0618_145337__frame_00024_145449_955.jpg,,train_data/session_20260618_145337/frame_00024_145449_955.jpg
0618_145337__frame_00036_145525_980.jpg,,train_data/session_20260618_145337/frame_00036_145525_980.jpg
0618_145337__frame_00059_145635_026.jpg,,train_data/session_20260618_145337/frame_00059_145635_026.jpg
0618_145337__frame_00073_145717_057.jpg,,train_data/session_20260618_145337/frame_00073_145717_057.jpg
0618_145337__frame_00134_150020_183.jpg,,train_data/session_20260618_145337/frame_00134_150020_183.jpg
0618_145337__frame_00155_150123_227.jpg,,train_data/session_20260618_145337/frame_00155_150123_227.jpg
0618_145337__frame_00179_150235_277.jpg,,train_data/session_20260618_145337/frame_00179_150235_277.jpg
0618_145337__frame_00192_150314_304.jpg,,train_data/session_20260618_145337/frame_00192_150314_304.jpg
0618_145337__frame_00203_150347_327.jpg,,train_data/session_20260618_145337/frame_00203_150347_327.jpg
0618_145337__frame_00220_150438_361.jpg,,train_data/session_20260618_145337/frame_00220_150438_361.jpg
0618_145337__frame_00236_150526_395.jpg,,train_data/session_20260618_145337/frame_00236_150526_395.jpg
0618_145337__frame_00247_150559_418.jpg,,train_data/session_20260618_145337/frame_00247_150559_418.jpg
0618_145337__frame_00256_150626_436.jpg,,train_data/session_20260618_145337/frame_00256_150626_436.jpg
0618_150720__frame_00030_150821_714.jpg,,train_data/session_20260618_150720/frame_00030_150821_714.jpg
0618_150720__frame_00058_150917_755.jpg,,train_data/session_20260618_150720/frame_00058_150917_755.jpg
0618_150720__frame_00079_150959_784.jpg,,train_data/session_20260618_150720/frame_00079_150959_784.jpg
0618_150720__frame_00127_151135_849.jpg,,train_data/session_20260618_150720/frame_00127_151135_849.jpg
0618_150720__frame_00311_151744_138.jpg,,train_data/session_20260618_150720/frame_00311_151744_138.jpg
0618_150720__frame_00348_151858_189.jpg,,train_data/session_20260618_150720/frame_00348_151858_189.jpg
0618_150720__frame_00357_151916_202.jpg,,train_data/session_20260618_150720/frame_00357_151916_202.jpg
0618_150720__frame_00382_152006_236.jpg,,train_data/session_20260618_150720/frame_00382_152006_236.jpg
0702_170249__frame_00018_170344_147.jpg,,train_data/session_20260702_170249/frame_00018_170344_147.jpg
0702_170249__frame_00028_170414_203.jpg,,train_data/session_20260702_170249/frame_00028_170414_203.jpg
0702_170249__frame_00042_170456_266.jpg,,train_data/session_20260702_170249/frame_00042_170456_266.jpg
0702_170249__frame_00056_170538_297.jpg,,train_data/session_20260702_170249/frame_00056_170538_297.jpg
0702_170249__frame_00159_171047_587.jpg,,train_data/session_20260702_170249/frame_00159_171047_587.jpg
0702_170249__frame_00238_171444_792.jpg,,train_data/session_20260702_170249/frame_00238_171444_792.jpg
0702_170249__frame_00269_171617_892.jpg,,train_data/session_20260702_170249/frame_00269_171617_892.jpg
0702_170249__frame_00310_171821_014.jpg,,train_data/session_20260702_170249/frame_00310_171821_014.jpg
0702_170249__frame_00333_171930_063.jpg,,train_data/session_20260702_170249/frame_00333_171930_063.jpg
0702_170249__frame_00484_172703_459.jpg,,train_data/session_20260702_170249/frame_00484_172703_459.jpg
0702_170249__frame_00494_172733_480.jpg,,train_data/session_20260702_170249/frame_00494_172733_480.jpg
0702_170249__frame_00507_172812_542.jpg,,train_data/session_20260702_170249/frame_00507_172812_542.jpg
0702_170249__frame_00521_172854_571.jpg,,train_data/session_20260702_170249/frame_00521_172854_571.jpg
0703_151305__frame_00010_151336_075.jpg,,train_data/session_20260703_151305/frame_00010_151336_075.jpg
0703_151305__frame_00021_151409_097.jpg,,train_data/session_20260703_151305/frame_00021_151409_097.jpg
0703_151305__frame_00031_151439_118.jpg,,train_data/session_20260703_151305/frame_00031_151439_118.jpg
0703_151305__frame_00066_151624_256.jpg,,train_data/session_20260703_151305/frame_00066_151624_256.jpg
0703_151305__frame_00106_151824_338.jpg,,train_data/session_20260703_151305/frame_00106_151824_338.jpg
0703_151305__frame_00153_152045_437.jpg,,train_data/session_20260703_151305/frame_00153_152045_437.jpg
0703_151305__frame_00162_152112_496.jpg,,train_data/session_20260703_151305/frame_00162_152112_496.jpg
0703_151305__frame_00238_152500_647.jpg,,train_data/session_20260703_151305/frame_00238_152500_647.jpg
0703_151305__frame_00253_152545_678.jpg,,train_data/session_20260703_151305/frame_00253_152545_678.jpg
0703_151305__frame_00263_152615_697.jpg,,train_data/session_20260703_151305/frame_00263_152615_697.jpg
0703_151305__frame_00284_152718_742.jpg,,train_data/session_20260703_151305/frame_00284_152718_742.jpg
0703_151305__frame_00308_152830_825.jpg,,train_data/session_20260703_151305/frame_00308_152830_825.jpg
0703_151305__frame_00319_152903_848.jpg,,train_data/session_20260703_151305/frame_00319_152903_848.jpg
0703_151305__frame_00329_152933_903.jpg,,train_data/session_20260703_151305/frame_00329_152933_903.jpg
0703_151305__frame_00513_153846_660.jpg,,train_data/session_20260703_151305/frame_00513_153846_660.jpg
0703_151305__frame_00550_154037_798.jpg,,train_data/session_20260703_151305/frame_00550_154037_798.jpg
0703_151305__frame_00574_154149_864.jpg,,train_data/session_20260703_151305/frame_00574_154149_864.jpg
0703_151305__frame_00584_154219_892.jpg,,train_data/session_20260703_151305/frame_00584_154219_892.jpg
0703_151305__frame_00759_155105_484.jpg,,train_data/session_20260703_151305/frame_00759_155105_484.jpg
0703_160910__frame_00149_161638_723.jpg,,train_data/session_20260703_160910/frame_00149_161638_723.jpg
0703_160910__frame_00187_161832_864.jpg,,train_data/session_20260703_160910/frame_00187_161832_864.jpg
0703_160910__frame_00269_162239_093.jpg,,train_data/session_20260703_160910/frame_00269_162239_093.jpg
0703_160910__frame_00489_163339_713.jpg,,train_data/session_20260703_160910/frame_00489_163339_713.jpg
0703_160910__frame_00497_163403_734.jpg,,train_data/session_20260703_160910/frame_00497_163403_734.jpg
0703_160910__frame_00506_163430_796.jpg,,train_data/session_20260703_160910/frame_00506_163430_796.jpg
0703_160910__frame_00538_163606_883.jpg,,train_data/session_20260703_160910/frame_00538_163606_883.jpg
0703_160910__frame_00638_164107_203.jpg,,train_data/session_20260703_160910/frame_00638_164107_203.jpg
0703_160910__frame_00664_164225_306.jpg,,train_data/session_20260703_160910/frame_00664_164225_306.jpg
0703_160910__frame_00803_164922_728.jpg,,train_data/session_20260703_160910/frame_00803_164922_728.jpg
0703_160910__frame_00815_164958_762.jpg,,train_data/session_20260703_160910/frame_00815_164958_762.jpg
0706_152325__frame_00002_152341_840.jpg,,train_data/session_20260706_152325/frame_00002_152341_840.jpg
0706_152325__frame_00010_152345_874.jpg,,train_data/session_20260706_152325/frame_00010_152345_874.jpg
0706_152325__frame_00018_152349_944.jpg,,train_data/session_20260706_152325/frame_00018_152349_944.jpg
0706_152325__frame_00028_152354_947.jpg,,train_data/session_20260706_152325/frame_00028_152354_947.jpg
0706_152325__frame_00036_152358_951.jpg,,train_data/session_20260706_152325/frame_00036_152358_951.jpg
0706_152325__frame_00052_152407_031.jpg,,train_data/session_20260706_152325/frame_00052_152407_031.jpg
0706_152325__frame_00063_152412_627.jpg,,train_data/session_20260706_152325/frame_00063_152412_627.jpg
0706_152325__frame_00073_152417_797.jpg,,train_data/session_20260706_152325/frame_00073_152417_797.jpg
0706_152325__frame_00081_152421_907.jpg,,train_data/session_20260706_152325/frame_00081_152421_907.jpg
0706_152325__frame_00091_152426_972.jpg,,train_data/session_20260706_152325/frame_00091_152426_972.jpg
0706_152547__frame_00013_152627_209.jpg,,train_data/session_20260706_152547/frame_00013_152627_209.jpg
0706_152547__frame_00025_152703_237.jpg,,train_data/session_20260706_152547/frame_00025_152703_237.jpg
0706_152547__frame_00059_152845_343.jpg,,train_data/session_20260706_152547/frame_00059_152845_343.jpg
0706_152547__frame_00101_153051_433.jpg,,train_data/session_20260706_152547/frame_00101_153051_433.jpg
0706_152547__frame_00105_153103_442.jpg,,train_data/session_20260706_152547/frame_00105_153103_442.jpg
0706_152547__frame_00111_153121_455.jpg,,train_data/session_20260706_152547/frame_00111_153121_455.jpg
0706_152547__frame_00115_153133_463.jpg,,train_data/session_20260706_152547/frame_00115_153133_463.jpg
0706_152547__frame_00122_153154_513.jpg,,train_data/session_20260706_152547/frame_00122_153154_513.jpg
0706_152547__frame_00126_153206_520.jpg,,train_data/session_20260706_152547/frame_00126_153206_520.jpg
0706_152547__frame_00128_153212_525.jpg,,train_data/session_20260706_152547/frame_00128_153212_525.jpg
0706_152547__frame_00130_153218_529.jpg,,train_data/session_20260706_152547/frame_00130_153218_529.jpg
0706_152547__frame_00135_153233_540.jpg,,train_data/session_20260706_152547/frame_00135_153233_540.jpg
0706_152547__frame_00137_153239_543.jpg,,train_data/session_20260706_152547/frame_00137_153239_543.jpg
0706_152547__frame_00139_153245_549.jpg,,train_data/session_20260706_152547/frame_00139_153245_549.jpg
0706_152547__frame_00143_153257_557.jpg,,train_data/session_20260706_152547/frame_00143_153257_557.jpg
0706_152547__frame_00147_153309_565.jpg,,train_data/session_20260706_152547/frame_00147_153309_565.jpg
0706_152547__frame_00151_153321_576.jpg,,train_data/session_20260706_152547/frame_00151_153321_576.jpg
0706_152547__frame_00156_153336_585.jpg,,train_data/session_20260706_152547/frame_00156_153336_585.jpg
0706_152547__frame_00160_153348_593.jpg,,train_data/session_20260706_152547/frame_00160_153348_593.jpg
0706_152547__frame_00166_153406_607.jpg,,train_data/session_20260706_152547/frame_00166_153406_607.jpg
0706_152547__frame_00170_153418_616.jpg,,train_data/session_20260706_152547/frame_00170_153418_616.jpg
0706_152547__frame_00217_153639_716.jpg,,train_data/session_20260706_152547/frame_00217_153639_716.jpg
0706_152547__frame_00225_153703_733.jpg,,train_data/session_20260706_152547/frame_00225_153703_733.jpg
0706_152547__frame_00238_153742_762.jpg,,train_data/session_20260706_152547/frame_00238_153742_762.jpg
0706_152547__frame_00244_153800_774.jpg,,train_data/session_20260706_152547/frame_00244_153800_774.jpg
0706_152547__frame_00248_153812_784.jpg,,train_data/session_20260706_152547/frame_00248_153812_784.jpg
0706_152547__frame_00253_153827_794.jpg,,train_data/session_20260706_152547/frame_00253_153827_794.jpg
0706_152547__frame_00259_153845_806.jpg,,train_data/session_20260706_152547/frame_00259_153845_806.jpg
0706_152547__frame_00263_153857_816.jpg,,train_data/session_20260706_152547/frame_00263_153857_816.jpg
0706_152547__frame_00264_153900_819.jpg,,train_data/session_20260706_152547/frame_00264_153900_819.jpg
0706_152547__frame_00269_153915_829.jpg,,train_data/session_20260706_152547/frame_00269_153915_829.jpg
0706_152547__frame_00274_153930_840.jpg,,train_data/session_20260706_152547/frame_00274_153930_840.jpg
0706_152547__frame_00279_153945_851.jpg,,train_data/session_20260706_152547/frame_00279_153945_851.jpg
0706_152547__frame_00293_154027_881.jpg,,train_data/session_20260706_152547/frame_00293_154027_881.jpg
0706_152547__frame_00314_154130_926.jpg,,train_data/session_20260706_152547/frame_00314_154130_926.jpg
0706_152547__frame_00322_154154_944.jpg,,train_data/session_20260706_152547/frame_00322_154154_944.jpg
0706_152547__frame_00335_154233_971.jpg,,train_data/session_20260706_152547/frame_00335_154233_971.jpg
0706_152547__frame_00348_154312_999.jpg,,train_data/session_20260706_152547/frame_00348_154312_999.jpg
0706_152547__frame_00356_154337_017.jpg,,train_data/session_20260706_152547/frame_00356_154337_017.jpg
0706_152547__frame_00394_154531_099.jpg,,train_data/session_20260706_152547/frame_00394_154531_099.jpg
0706_152547__frame_00413_154628_140.jpg,,train_data/session_20260706_152547/frame_00413_154628_140.jpg
0706_152547__frame_00425_154704_165.jpg,,train_data/session_20260706_152547/frame_00425_154704_165.jpg
0706_152547__frame_00434_154731_185.jpg,,train_data/session_20260706_152547/frame_00434_154731_185.jpg
0706_152547__frame_00448_154813_217.jpg,,train_data/session_20260706_152547/frame_00448_154813_217.jpg
0706_152547__frame_00464_154901_251.jpg,,train_data/session_20260706_152547/frame_00464_154901_251.jpg
0706_152547__frame_00488_155131_336.jpg,,train_data/session_20260706_152547/frame_00488_155131_336.jpg
0706_152547__frame_00496_155155_353.jpg,,train_data/session_20260706_152547/frame_00496_155155_353.jpg
0706_152547__frame_00532_155343_431.jpg,,train_data/session_20260706_152547/frame_00532_155343_431.jpg
0706_152547__frame_00536_155355_440.jpg,,train_data/session_20260706_152547/frame_00536_155355_440.jpg
0706_152547__frame_00540_155407_447.jpg,,train_data/session_20260706_152547/frame_00540_155407_447.jpg
0706_152547__frame_00544_155419_457.jpg,,train_data/session_20260706_152547/frame_00544_155419_457.jpg
0706_152547__frame_00548_155431_466.jpg,,train_data/session_20260706_152547/frame_00548_155431_466.jpg
0706_152547__frame_00555_155452_481.jpg,,train_data/session_20260706_152547/frame_00555_155452_481.jpg
0706_152547__frame_00563_155516_498.jpg,,train_data/session_20260706_152547/frame_00563_155516_498.jpg
0706_152547__frame_00567_155528_506.jpg,,train_data/session_20260706_152547/frame_00567_155528_506.jpg
0706_152547__frame_00573_155546_519.jpg,,train_data/session_20260706_152547/frame_00573_155546_519.jpg
0706_152547__frame_00578_155601_529.jpg,,train_data/session_20260706_152547/frame_00578_155601_529.jpg
0706_152547__frame_00582_155613_539.jpg,,train_data/session_20260706_152547/frame_00582_155613_539.jpg
