# kf_id,x,y,yaw_rad  (aurora_map 座標系, yaw=建圖時的行進方向)
20105,4.000,-6.470,1.6030
20111,3.981,-5.887,1.6018
20114,3.966,-5.397,1.6007
20115,3.963,-5.259,1.5968
20116,3.959,-5.097,1.5959
20117,3.957,-4.957,1.5942
20118,3.951,-4.801,1.6009
20119,3.949,-4.653,1.6009
20120,3.941,-4.491,1.6010
20121,3.938,-4.335,1.6001
20122,3.932,-4.179,1.5982
20123,3.930,-4.017,1.6013
20124,3.924,-3.853,1.5983
20125,3.919,-3.700,1.6047
20126,3.915,-3.558,1.6043
20127,3.909,-3.406,1.5972
20128,3.905,-3.280,1.5925
20129,3.904,-3.133,1.5893
20130,3.903,-2.989,1.5828
20131,3.899,-2.862,1.5891
20132,3.898,-2.711,1.5929
20133,3.893,-2.549,1.5950
20134,3.890,-2.412,1.5890
20135,3.885,-2.256,1.5852
20136,3.886,-2.090,1.5898
20137,3.886,-2.030,1.5806
20138,3.880,-1.911,1.5859
20139,3.880,-1.818,1.5842
20140,3.881,-1.740,1.5727
20141,3.881,-1.693,1.5837
20142,3.880,-1.627,1.5526
20143,3.876,-1.499,1.5617
20146,3.888,-1.389,1.6049
20149,3.884,-1.314,1.6557
20151,3.866,-1.219,1.9474
20152,3.849,-1.181,2.6176
20156,3.809,-1.190,2.9528
20161,3.380,-1.022,2.9990
20166,2.666,-0.990,3.0023
20167,2.493,-0.986,2.6895
20168,2.332,-0.983,3.0906
20173,1.505,-0.112,3.0962
20179,0.680,-0.889,3.1192
20184,0.504,-0.896,-2.6830
20186,0.265,-0.937,3.0530
20190,-0.407,-1.056,-2.9646
20192,-0.700,-0.766,-2.9652
20197,-1.611,-1.274,-2.9661
20202,-2.249,-1.385,-2.7870
20203,-2.398,-1.409,-2.9787
20204,-2.473,-1.423,-2.9827
20287,-2.563,-1.430,-2.9773
20289,-2.900,-1.490,-2.9773
20290,-3.077,-1.521,-2.9823
20291,-3.249,-1.551,-3.0010
20296,-4.128,-1.682,-3.0071
20297,-4.315,-1.690,-3.0160
20298,-4.491,-1.712,-3.0543
20299,-4.682,-1.732,-3.0332
20300,-4.865,-1.746,-3.1025
20301,-5.051,-1.770,-3.0538
20302,-5.274,-1.743,-3.0279
20306,-5.909,-1.840,-3.0245
20308,-6.249,-1.904,-2.9827
20309,-6.417,-1.931,-2.9732
20310,-6.579,-1.952,-2.9575
20311,-6.616,-1.960,-2.8671
20312,-6.706,-1.989,-2.6606
20313,-6.849,-2.052,-2.5758
20315,-7.129,-2.239,-2.4776
20316,-7.243,-2.359,-2.3548
20317,-7.327,-2.475,-2.0818
20318,-7.396,-2.601,-1.8839
20319,-7.422,-2.761,-1.7601
20320,-7.427,-2.927,-1.6197
20321,-7.433,-3.028,-1.5434
20322,-7.423,-3.143,-1.5100
20323,-7.407,-3.317,-1.4969
20324,-7.393,-3.490,-1.5000
20325,-7.385,-3.670,-1.5022
20326,-7.373,-3.845,-1.5029
20327,-7.358,-4.020,-1.4983
20328,-7.345,-4.192,-1.4682
20329,-7.334,-4.376,-1.4998
20330,-7.300,-4.549,-1.4730
20331,-7.307,-4.736,-1.4735
20332,-7.275,-4.901,-1.5040
20333,-7.266,-5.071,-1.4605
20334,-7.253,-5.254,-1.4878
20335,-7.230,-5.433,-1.4833
20336,-7.216,-5.613,-1.4755
20337,-7.202,-5.795,-1.4877
20338,-7.185,-5.971,-1.4895
20339,-7.171,-6.149,-1.4942
20340,-7.157,-6.337,-1.5055
20341,-7.146,-6.537,-1.5070
20342,-7.138,-6.685,-1.5066
20343,-7.125,-6.856,-1.5076
20344,-7.112,-7.041,-1.5075
20345,-7.102,-7.226,-1.5110
20346,-7.092,-7.407,-1.5117
20347,-7.082,-7.581,-1.5078
20348,-7.069,-7.759,-1.5063
20349,-7.057,-7.942,-1.4954
20350,-7.047,-8.111,-1.4896
20351,-7.028,-8.296,-1.5018
20352,-7.010,-8.484,-1.4841
20353,-7.007,-8.668,-1.4952
20354,-6.983,-8.844,-1.5102
20355,-6.972,-9.030,-1.4958
20356,-6.966,-9.221,-1.5102
20357,-6.951,-9.411,-1.5084
20358,-6.938,-9.581,-1.4904
20359,-6.928,-9.742,-1.4878
20360,-6.910,-9.916,-1.4870
20361,-6.893,-10.103,-1.4875
20362,-6.878,-10.295,-1.4937
20363,-6.866,-10.480,-1.4972
20364,-6.852,-10.662,-1.4953
20365,-6.838,-10.845,-1.4975
20366,-6.824,-11.015,-1.5021
20367,-6.813,-11.199,-1.5012
20368,-6.803,-11.378,-1.5110
20369,-6.789,-11.556,-1.5014
20370,-6.781,-11.738,-1.5029
20371,-6.762,-11.934,-1.5036
20372,-6.753,-12.113,-1.5099
20373,-6.740,-12.284,-1.5057
20374,-6.736,-12.464,-1.5027
20375,-6.716,-12.641,-1.5099
20376,-6.704,-12.820,-1.4873
20377,-6.696,-12.995,-1.4998
20378,-6.677,-13.175,-1.4958
20379,-6.664,-13.371,-1.5031
20380,-6.648,-13.567,-1.5153
20381,-6.646,-13.742,-1.4971
20382,-6.636,-13.906,-1.5109
20383,-6.613,-14.073,-1.5006
20384,-6.607,-14.254,-1.4941
20385,-6.597,-14.436,-1.5142
20386,-6.581,-14.628,-1.5049
20387,-6.571,-14.814,-1.5040
20388,-6.558,-14.993,-1.5001
20390,-6.535,-15.370,-1.5011
20391,-6.517,-15.533,-1.5050
20392,-6.508,-15.707,-1.4897
20393,-6.499,-15.895,-1.4980
20394,-6.477,-16.083,-1.4995
20395,-6.463,-16.266,-1.4916
20396,-6.456,-16.444,-1.5093
20397,-6.440,-16.634,-1.5018
20398,-6.431,-16.822,-1.4944
20399,-6.412,-17.009,-1.4971
20400,-6.399,-17.182,-1.4992
20401,-6.388,-17.342,-1.5119
20402,-6.381,-17.514,-1.5209
20403,-6.371,-17.698,-1.5108
20404,-6.364,-17.880,-1.5023
20405,-6.344,-18.079,-1.5044
20406,-6.330,-18.265,-1.5012
20407,-6.322,-18.436,-1.5021
20408,-6.314,-18.606,-1.5005
20409,-6.295,-18.791,-1.4957
20410,-6.280,-18.977,-1.5034
20411,-6.268,-19.155,-1.4996
20412,-6.264,-19.339,-1.5046
20413,-6.242,-19.524,-1.4994
20414,-6.232,-19.702,-1.4807
20415,-6.215,-19.897,-1.4930
20416,-6.197,-20.079,-1.5009
20417,-6.186,-20.245,-1.5045
20421,-6.143,-20.972,-1.5093
20426,-6.083,-21.886,-1.5090
20430,-6.042,-22.604,-1.5079
20433,-6.006,-23.151,-1.5094
20434,-5.995,-23.324,-1.5119
20436,-5.973,-23.683,-1.5181
20440,-5.936,-24.402,-1.5215
20445,-5.895,-25.262,-1.5235
20450,-5.854,-26.184,-1.5264
20455,-5.812,-27.067,-1.5291
20459,-5.785,-27.779,-1.5289
20464,-5.752,-28.687,-1.5285
20467,-5.726,-29.238,-1.5327
20472,-5.683,-30.114,-1.5316
20477,-5.662,-31.006,-1.5362
20478,-5.654,-31.180,-1.5401
20479,-5.652,-31.365,-1.5470
20482,-5.628,-31.908,-1.5522
20487,-5.619,-32.811,-1.5062
20488,-5.622,-32.915,-1.4043
20493,-5.529,-33.268,-1.0484
20498,-5.360,-33.506,-1.1639
20506,-5.058,-33.786,-1.2359
20511,-4.889,-34.616,-1.3268
20516,-4.860,-35.189,-1.4179
20521,-4.719,-36.079,-1.4288
20525,-4.612,-36.680,-1.3670
20529,-4.592,-36.698,-1.2101
20533,-4.556,-36.662,1.0642
20537,-4.519,-36.610,1.5155
20541,-4.536,-36.544,1.8806
20545,-4.580,-36.497,2.3461
20547,-4.612,-36.487,2.9267
20720,-4.637,-36.489,-2.8506
20724,-4.704,-36.508,-2.2701
20726,-4.714,-36.537,-1.9440
20730,-4.721,-36.616,-1.4231
20732,-4.700,-36.650,-1.1418
20734,-4.680,-36.669,-0.6275
20736,-4.650,-36.677,-0.3300
20738,-4.623,-36.686,0.0004
20740,-4.587,-36.688,0.2909
20742,-4.571,-36.669,0.6719
20744,-4.550,-36.648,1.1424
20746,-4.534,-36.615,1.5229
20750,-4.524,-36.550,1.9335
20754,-4.563,-36.503,1.8048
20758,-4.615,-36.477,1.8014
20763,-4.664,-36.067,1.7171
20768,-4.691,-35.840,1.6745
20773,-4.741,-35.291,1.6666
20775,-4.753,-35.154,1.6616
20780,-4.759,-35.083,1.6603
20781,-4.770,-34.976,1.6680
20786,-4.819,-34.419,1.6720
20791,-4.877,-33.876,1.6685
20796,-4.938,-33.321,1.6653
20801,-4.986,-32.772,1.6609
20806,-5.028,-32.219,1.6592
20811,-5.077,-31.666,1.6541
20816,-5.132,-31.128,1.6568
20821,-5.169,-30.578,1.6532
20826,-5.217,-30.026,1.6464
20831,-5.258,-29.475,1.6466
20836,-5.297,-28.950,1.6399
20841,-5.333,-28.410,1.6393
20846,-5.368,-27.853,1.6381
20851,-5.407,-27.305,1.6384
20856,-5.445,-26.755,1.6421
20861,-5.483,-26.201,1.6386
20866,-5.524,-25.666,1.6362
20871,-5.556,-25.108,1.6359
20876,-5.589,-24.566,1.6341
20881,-5.626,-24.011,1.6347
20886,-5.663,-23.476,1.6313
20891,-5.695,-22.934,1.6231
20896,-5.721,-22.382,1.6215
20900,-5.735,-21.926,1.6160
20905,-5.769,-21.385,1.6167
20910,-5.790,-20.840,1.6208
20915,-5.818,-20.276,1.6180
20920,-5.844,-19.743,1.6213
20921,-5.849,-19.690,1.6190
20969,-5.853,-19.589,1.6080
20974,-5.877,-19.049,1.6094
20979,-5.891,-18.491,1.6103
20984,-5.916,-17.947,1.6076
20989,-5.939,-17.409,1.6119
20994,-5.958,-16.838,1.6080
20997,-5.972,-16.509,1.6124
21002,-5.989,-15.986,1.6067
21007,-6.021,-15.429,1.6109
21012,-6.029,-14.858,1.6050
21017,-6.060,-14.320,1.5978
21022,-6.064,-13.791,1.6013
21027,-6.080,-13.275,1.5955
21032,-6.094,-12.738,1.5983
21037,-6.113,-12.162,1.5967
21042,-6.124,-11.626,1.5963
21047,-6.137,-11.058,1.5911
21052,-6.151,-10.506,1.5910
21057,-6.158,-9.974,1.5879
21062,-6.169,-9.406,1.5792
21067,-6.174,-8.868,1.5802
21072,-6.169,-8.315,1.5773
21077,-6.178,-7.777,1.5698
21082,-6.183,-7.237,1.5653
21087,-6.172,-6.674,1.5544
21092,-6.157,-6.113,1.5518
21097,-6.142,-5.574,1.5479
21102,-6.141,-5.016,1.5522
21107,-6.121,-4.434,1.5556
21109,-6.122,-4.213,1.5550
21111,-6.119,-4.013,1.5486
21113,-6.121,-3.801,1.5400
21118,-6.094,-3.245,1.5640
21123,-6.075,-2.707,1.5893
21128,-6.107,-2.360,1.6227
21133,-6.158,-1.819,1.6609
21134,-6.174,-1.707,1.6680
21139,-6.214,-1.172,1.6690
21144,-6.276,-0.636,1.6835
21148,-6.311,-0.268,1.7700
21153,-6.338,-0.262,2.0855
21157,-6.392,-0.292,-1.7901
21164,-6.426,-0.371,-1.2899
21175,-6.351,-0.447,-0.5414
21178,-6.287,-0.437,0.2613
21183,-6.254,-0.375,1.0932
21187,-6.239,-0.321,1.8291
21192,-6.255,-0.262,2.4467
21197,-6.337,-0.247,2.9590
21200,-6.381,-0.269,-2.8825
21203,-6.399,-0.291,-2.3075
21204,-6.420,-0.306,-1.8679
21206,-6.424,-0.342,-1.8753
21208,-6.415,-0.382,-1.2894
21210,-6.429,-0.387,-0.5803
21214,-6.386,-0.424,-0.0431
21218,-6.299,-0.424,0.5491
21222,-6.261,-0.388,1.0959
21227,-6.353,-0.340,0.2542
21230,-6.333,-0.321,0.1237
21235,-5.802,-0.295,0.0639
21240,-5.247,-0.262,0.0524
21243,-4.919,-0.249,0.0504
21247,-4.477,-0.224,0.0451
21250,-4.144,-0.211,0.0426
21251,-4.032,-0.207,0.0349
21254,-3.704,-0.197,0.0381
21257,-3.378,-0.186,0.0379
21262,-2.831,-0.161,0.0368
21267,-2.284,-0.141,0.0366
21272,-1.748,-0.125,0.0343
21274,-1.546,-0.119,0.0744
21275,-1.492,-0.115,0.1229
21280,-1.035,-0.048,0.0205
21283,-0.786,-0.006,-0.0120
21288,-0.517,-0.098,-0.0982
21293,-0.284,-0.130,-0.0842
21297,0.012,-0.151,0.0531
21301,0.416,-0.107,0.1640
21307,0.416,-0.048,0.4563
21310,0.380,-0.020,2.7383
21314,0.318,-0.001,-2.9570
21319,0.243,-0.033,-2.5317
21322,0.227,-0.083,-2.0131
21325,0.235,-0.121,-1.0803
21327,0.249,-0.146,-0.3743
21332,0.319,-0.176,0.2613
21337,0.382,-0.144,0.4329
21342,0.403,-0.076,0.8666
21442,0.404,-0.075,1.2676
21443,0.404,-0.076,1.1018
21584,0.404,-0.074,-1.7384
21585,0.404,-0.074,-0.0018
21586,0.404,-0.076,-1.7740
